{
	"intro": "Generated by the Undiecar AI Roster https://undiecar.com/ai-roster/ 2023-07-23 06:46:43.",
	"drivers": [
		{
			"driverName": "Steven Brumfield",
			"carDesign": "12,020c63,ffffff,e4a001",
			"carNumber": "45",
			"suitDesign": "1,000080,000080,000080",
			"helmetDesign": "12,000080,000080,000080",
			"carPath": "porsche911cup",
			"carId": 88,
			"carClassId": 0,
			"sponsor1": 97,
			"sponsor2": 124,
			"numberDesign": "null,null,null,null",
			"driverSkill": 98,
			"driverAggression": 65,
			"driverOptimism": 50,
			"driverSmoothness": 0,
			"driverAge": 13,
			"pitCrewSkill": 53,
			"strategyRiskiness": 72,
			"iracing_id": 91047,
			"carTgaName": "car_91047.tga"
		},
		{
			"driverName": "Thomas Lademann",
			"carDesign": "1,2ea2ff,012a74,000d52",
			"carNumber": "14",
			"suitDesign": "0,012a74,2ea2ff,ffffff",
			"helmetDesign": "68,2ea2ff,f0eaea,012a74",
			"carPath": "mx5\\mx52016",
			"carId": 67,
			"carClassId": 0,
			"sponsor1": 97,
			"sponsor2": 124,
			"numberDesign": "null,null,null,null",
			"driverSkill": 97,
			"driverAggression": 65,
			"driverOptimism": 50,
			"driverSmoothness": 0,
			"driverAge": 13,
			"pitCrewSkill": 53,
			"strategyRiskiness": 72,
			"iracing_id": 257686
		},
		{
			"driverName": "Auke Haarsma",
			"carDesign": "17,f1681e,ed9c21,db211f",
			"carNumber": "29",
			"suitDesign": "22,2b0153,ffde21,ff0000",
			"helmetDesign": "32,28034b,f9cc10,ff0000",
			"carPath": "porsche911cup",
			"carId": 88,
			"carClassId": 0,
			"sponsor1": 97,
			"sponsor2": 124,
			"numberDesign": "null,null,null,null",
			"driverSkill": 95,
			"driverAggression": 65,
			"driverOptimism": 50,
			"driverSmoothness": 0,
			"driverAge": 13,
			"pitCrewSkill": 53,
			"strategyRiskiness": 72,
			"iracing_id": 314068
		},
		{
			"driverName": "Frank Oosterhuis",
			"carDesign": "17,a90418,236fe1,0b0a0b",
			"carNumber": "26",
			"suitDesign": "4,000000,f24a25,ffffff",
			"helmetDesign": "64,2a3795,ffffff,50bcdc",
			"carPath": "mx5\\mx52016",
			"carId": 67,
			"carClassId": 0,
			"sponsor1": 97,
			"sponsor2": 124,
			"numberDesign": "null,null,null,null",
			"driverSkill": 94,
			"driverAggression": 65,
			"driverOptimism": 50,
			"driverSmoothness": 0,
			"driverAge": 13,
			"pitCrewSkill": 53,
			"strategyRiskiness": 72,
			"iracing_id": 119359
		},
		{
			"driverName": "Aron Kertesz",
			"carDesign": "1,ffffff,ed2129,000000",
			"carNumber": "76",
			"suitDesign": "5,002157,ffffff,ffffff",
			"helmetDesign": "63,002157,002157,ffff00",
			"carPath": "porsche911cup",
			"carId": 88,
			"carClassId": 0,
			"sponsor1": 97,
			"sponsor2": 124,
			"numberDesign": "null,null,null,null",
			"driverSkill": 92,
			"driverAggression": 65,
			"driverOptimism": 50,
			"driverSmoothness": 0,
			"driverAge": 13,
			"pitCrewSkill": 53,
			"strategyRiskiness": 72,
			"iracing_id": 289904
		},
		{
			"driverName": "Mario Farag",
			"carDesign": "4,1c335a,000000,6862ea",
			"carNumber": "7",
			"suitDesign": "5,194844,111111,ffffff",
			"helmetDesign": "2,22625c,111111,ffffff",
			"carPath": "porsche911cup",
			"carId": 88,
			"carClassId": 0,
			"sponsor1": 97,
			"sponsor2": 124,
			"numberDesign": "null,null,null,null",
			"driverSkill": 91,
			"driverAggression": 65,
			"driverOptimism": 50,
			"driverSmoothness": 0,
			"driverAge": 13,
			"pitCrewSkill": 53,
			"strategyRiskiness": 72,
			"iracing_id": 270042
		},
		{
			"driverName": "Franz Josef Stumm",
			"carDesign": "2,270000,fc0706,fdf566",
			"carNumber": "20",
			"suitDesign": "1,ff0505,777777,000000",
			"helmetDesign": "33,000000,fe2725,fff500",
			"carPath": "porsche911cup",
			"carId": 88,
			"carClassId": 0,
			"sponsor1": 97,
			"sponsor2": 124,
			"numberDesign": "null,null,null,null",
			"driverSkill": 89,
			"driverAggression": 65,
			"driverOptimism": 50,
			"driverSmoothness": 0,
			"driverAge": 13,
			"pitCrewSkill": 53,
			"strategyRiskiness": 72,
			"iracing_id": 32755
		},
		{
			"driverName": "Jan Schoenfelder",
			"carDesign": "3,000000,000000,000000",
			"carNumber": "27",
			"suitDesign": "5,ff0000,111111,ef0000",
			"helmetDesign": "62,000000,ff0000,ff0000",
			"carPath": "porsche911cup",
			"carId": 88,
			"carClassId": 0,
			"sponsor1": 97,
			"sponsor2": 124,
			"numberDesign": "null,null,null,null",
			"driverSkill": 88,
			"driverAggression": 65,
			"driverOptimism": 50,
			"driverSmoothness": 0,
			"driverAge": 13,
			"pitCrewSkill": 53,
			"strategyRiskiness": 72,
			"iracing_id": 410509
		},
		{
			"driverName": "Ryan Hellyer",
			"carDesign": "2,222958,447ac0,ffffff",
			"carNumber": "27",
			"suitDesign": "5,ee3442,447ac0,ffffff",
			"helmetDesign": "0,ee3442,447ac0,ffffff",
			"carPath": "porsche911cup",
			"carId": 88,
			"carClassId": 0,
			"sponsor1": 97,
			"sponsor2": 124,
			"numberDesign": "null,null,null,null",
			"driverSkill": 86,
			"driverAggression": 65,
			"driverOptimism": 50,
			"driverSmoothness": 0,
			"driverAge": 13,
			"pitCrewSkill": 53,
			"strategyRiskiness": 72,
			"iracing_id": 279455,
			"carTgaName": "car_279455.tga"
		},
		{
			"driverName": "Sven Deml",
			"carDesign": "5,ff6b6b,95ff8a,383838",
			"carNumber": "43",
			"suitDesign": "27,525252,81fe76,ff5c5e",
			"helmetDesign": "2,ff6b6b,95ff8a,383838",
			"carPath": "porsche911cup",
			"carId": 88,
			"carClassId": 0,
			"sponsor1": 97,
			"sponsor2": 124,
			"numberDesign": "null,null,null,null",
			"driverSkill": 85,
			"driverAggression": 65,
			"driverOptimism": 50,
			"driverSmoothness": 0,
			"driverAge": 13,
			"pitCrewSkill": 53,
			"strategyRiskiness": 72,
			"iracing_id": 151868,
			"carTgaName": "car_151868.tga"
		},
		{
			"driverName": "Bruce Johnson",
			"carDesign": "15,fdf043,fdf043,fdf043",
			"carNumber": "0",
			"suitDesign": "5,a5d8e1,a5d8e1,000000",
			"helmetDesign": "19,000000,fce903,ed2129",
			"carPath": "porsche911cup",
			"carId": 88,
			"carClassId": 0,
			"sponsor1": 97,
			"sponsor2": 124,
			"numberDesign": "null,null,null,null",
			"driverSkill": 83,
			"driverAggression": 65,
			"driverOptimism": 50,
			"driverSmoothness": 0,
			"driverAge": 13,
			"pitCrewSkill": 53,
			"strategyRiskiness": 72,
			"iracing_id": 150414,
			"carTgaName": "car_150414.tga"
		},
		{
			"driverName": "Maximilian Bandion",
			"carDesign": "1,284a94,111111,b82f37",
			"carNumber": "4",
			"suitDesign": "1,284a94,111111,b82f37",
			"helmetDesign": "22,ffffff,ed2129,ed2129",
			"carPath": "porsche911cup",
			"carId": 88,
			"carClassId": 0,
			"sponsor1": 97,
			"sponsor2": 124,
			"numberDesign": "null,null,null,null",
			"driverSkill": 82,
			"driverAggression": 65,
			"driverOptimism": 50,
			"driverSmoothness": 0,
			"driverAge": 13,
			"pitCrewSkill": 53,
			"strategyRiskiness": 72,
			"iracing_id": 283916
		},
		{
			"driverName": "Jordan Brubaker",
			"carDesign": "14,3d3d3d,ffffff,d3ac4f",
			"carNumber": "13",
			"suitDesign": "22,3d3d3d,d3ac4f,ffffff",
			"helmetDesign": "36,ed2129,ffffff,2a3795",
			"carPath": "mx5\\mx52016",
			"carId": 67,
			"carClassId": 0,
			"sponsor1": 97,
			"sponsor2": 124,
			"numberDesign": "null,null,null,null",
			"driverSkill": 80,
			"driverAggression": 65,
			"driverOptimism": 50,
			"driverSmoothness": 0,
			"driverAge": 13,
			"pitCrewSkill": 53,
			"strategyRiskiness": 72,
			"iracing_id": 265425
		},
		{
			"driverName": "Alaric van den Bos",
			"carDesign": "4,7e0707,0a0a0a,3ab7f2",
			"carNumber": "72",
			"suitDesign": "30,d80000,000000,060606",
			"helmetDesign": "56,000000,cccccc,e4e4dd",
			"carPath": "mx5\\mx52016",
			"carId": 67,
			"carClassId": 0,
			"sponsor1": 97,
			"sponsor2": 124,
			"numberDesign": "null,null,null,null",
			"driverSkill": 79,
			"driverAggression": 65,
			"driverOptimism": 50,
			"driverSmoothness": 0,
			"driverAge": 13,
			"pitCrewSkill": 53,
			"strategyRiskiness": 72,
			"iracing_id": 243965
		},
		{
			"driverName": "Ian Newman",
			"carDesign": "23,000000,dfed21,ffffff",
			"carNumber": "26",
			"suitDesign": "30,000000,ed2129,000000",
			"helmetDesign": "6,000000,ed2129,000000",
			"carPath": "porsche911cup",
			"carId": 88,
			"carClassId": 0,
			"sponsor1": 97,
			"sponsor2": 124,
			"numberDesign": "null,null,null,null",
			"driverSkill": 77,
			"driverAggression": 65,
			"driverOptimism": 50,
			"driverSmoothness": 0,
			"driverAge": 13,
			"pitCrewSkill": 53,
			"strategyRiskiness": 72,
			"iracing_id": 171331
		},
		{
			"driverName": "Connor Welsh",
			"carDesign": "12,0d4f9c,000000,000000",
			"carNumber": "35",
			"suitDesign": "3,000000,363636,000000",
			"helmetDesign": "23,181818,000000,000000",
			"carPath": "porsche911cup",
			"carId": 88,
			"carClassId": 0,
			"sponsor1": 97,
			"sponsor2": 124,
			"numberDesign": "null,null,null,null",
			"driverSkill": 76,
			"driverAggression": 65,
			"driverOptimism": 50,
			"driverSmoothness": 0,
			"driverAge": 13,
			"pitCrewSkill": 53,
			"strategyRiskiness": 72,
			"iracing_id": 320081
		},
		{
			"driverName": "Vincent Bluthenthal",
			"carDesign": "10,000000,ed2129,ffffff",
			"carNumber": "22",
			"suitDesign": "30,0a1b4c,db26a9,280d33",
			"helmetDesign": "58,1fc51f,cf16df,19005c",
			"carPath": "mx5\\mx52016",
			"carId": 67,
			"carClassId": 0,
			"sponsor1": 97,
			"sponsor2": 124,
			"numberDesign": "null,null,null,null",
			"driverSkill": 75,
			"driverAggression": 65,
			"driverOptimism": 50,
			"driverSmoothness": 0,
			"driverAge": 13,
			"pitCrewSkill": 53,
			"strategyRiskiness": 72,
			"iracing_id": 87630
		},
		{
			"driverName": "Stefan Rossmann",
			"carDesign": "6,2323a4,edb91d,ee5d2b",
			"carNumber": "30",
			"suitDesign": "27,000000,2a3795,ffffff",
			"helmetDesign": "42,000000,2a3795,ffffff",
			"carPath": "porsche911cup",
			"carId": 88,
			"carClassId": 0,
			"sponsor1": 97,
			"sponsor2": 124,
			"numberDesign": "null,null,null,null",
			"driverSkill": 73,
			"driverAggression": 65,
			"driverOptimism": 50,
			"driverSmoothness": 0,
			"driverAge": 13,
			"pitCrewSkill": 53,
			"strategyRiskiness": 72,
			"iracing_id": 357805
		},
		{
			"driverName": "Markus McPharma",
			"carDesign": "1,b82f37,111111,284a94",
			"carNumber": "103",
			"suitDesign": "1,e6d1d2,71dd3f,d71158",
			"helmetDesign": "1,eb5058,32e515,6b69a5",
			"carPath": "porsche911cup",
			"carId": 88,
			"carClassId": 0,
			"sponsor1": 97,
			"sponsor2": 124,
			"numberDesign": "null,null,null,null",
			"driverSkill": 72,
			"driverAggression": 65,
			"driverOptimism": 50,
			"driverSmoothness": 0,
			"driverAge": 13,
			"pitCrewSkill": 53,
			"strategyRiskiness": 72,
			"iracing_id": 370600
		},
		{
			"driverName": "Szabolcs Stang",
			"carDesign": "1,0d2089,000000,0070ff",
			"carNumber": "42",
			"suitDesign": "21,ad0000,000000,ffffff",
			"helmetDesign": "30,ad0000,000000,ad0000",
			"carPath": "mx5\\mx52016",
			"carId": 67,
			"carClassId": 0,
			"sponsor1": 97,
			"sponsor2": 124,
			"numberDesign": "null,null,null,null",
			"driverSkill": 70,
			"driverAggression": 65,
			"driverOptimism": 50,
			"driverSmoothness": 0,
			"driverAge": 13,
			"pitCrewSkill": 53,
			"strategyRiskiness": 72,
			"iracing_id": 0
		},
		{
			"driverName": "Ricardo Esponella Martinez",
			"carDesign": "17,fafa94,f64123,818079",
			"carNumber": "17",
			"suitDesign": "23,f20d13,0b20fe,252325",
			"helmetDesign": "5,f62328,3138fc,261627",
			"carPath": "porsche911cup",
			"carId": 88,
			"carClassId": 0,
			"sponsor1": 97,
			"sponsor2": 124,
			"numberDesign": "null,null,null,null",
			"driverSkill": 69,
			"driverAggression": 65,
			"driverOptimism": 50,
			"driverSmoothness": 0,
			"driverAge": 13,
			"pitCrewSkill": 53,
			"strategyRiskiness": 72,
			"iracing_id": 197470
		},
		{
			"driverName": "Andrew-Adair Saunders",
			"carDesign": "6,56c350,2a3284,000000",
			"carNumber": "4",
			"suitDesign": "1,56c350,2a3284,000000",
			"helmetDesign": "14,008701,06ff0b,ffffff",
			"carPath": "porsche911cup",
			"carId": 88,
			"carClassId": 0,
			"sponsor1": 97,
			"sponsor2": 124,
			"numberDesign": "null,null,null,null",
			"driverSkill": 67,
			"driverAggression": 65,
			"driverOptimism": 50,
			"driverSmoothness": 0,
			"driverAge": 13,
			"pitCrewSkill": 53,
			"strategyRiskiness": 72,
			"iracing_id": 92484
		},
		{
			"driverName": "Renzo A. Olivieri",
			"carDesign": "0,f3e910,000000,000000",
			"carNumber": "93",
			"suitDesign": "27,ffffff,fae300,000000",
			"helmetDesign": "8,000000,ffffff,ffec00",
			"carPath": "mx5\\mx52016",
			"carId": 67,
			"carClassId": 0,
			"sponsor1": 97,
			"sponsor2": 124,
			"numberDesign": "null,null,null,null",
			"driverSkill": 66,
			"driverAggression": 65,
			"driverOptimism": 50,
			"driverSmoothness": 0,
			"driverAge": 13,
			"pitCrewSkill": 53,
			"strategyRiskiness": 72,
			"iracing_id": 58961
		},
		{
			"driverName": "Justin Hess",
			"carDesign": "2,222958,447ac0,ffffff",
			"carNumber": "37",
			"suitDesign": "5,ee3442,447ac0,ffffff",
			"helmetDesign": "0,ee3442,447ac0,ffffff",
			"carPath": "mx5\\mx52016",
			"carId": 67,
			"carClassId": 0,
			"sponsor1": 97,
			"sponsor2": 124,
			"numberDesign": "null,null,null,null",
			"driverSkill": 64,
			"driverAggression": 65,
			"driverOptimism": 50,
			"driverSmoothness": 0,
			"driverAge": 13,
			"pitCrewSkill": 53,
			"strategyRiskiness": 72,
			"iracing_id": 224222
		},
		{
			"driverName": "Nikolay Ladushkin",
			"carDesign": "3,000000,db5700,c15b01",
			"carNumber": "212",
			"suitDesign": "21,000000,53d1d5,ffc105",
			"helmetDesign": "59,7ecdc8,1c5452,ffcc0a",
			"carPath": "mx5\\mx52016",
			"carId": 67,
			"carClassId": 0,
			"sponsor1": 97,
			"sponsor2": 124,
			"numberDesign": "null,null,null,null",
			"driverSkill": 63,
			"driverAggression": 65,
			"driverOptimism": 50,
			"driverSmoothness": 0,
			"driverAge": 13,
			"pitCrewSkill": 53,
			"strategyRiskiness": 72,
			"iracing_id": 250452
		},
		{
			"driverName": "Patric Moor",
			"carDesign": "1,111111,f5c600,f5c600",
			"carNumber": "74",
			"suitDesign": "26,000000,f5c600,ffffff",
			"helmetDesign": "8,000000,111111,f5c600",
			"carPath": "mx5\\mx52016",
			"carId": 67,
			"carClassId": 0,
			"sponsor1": 97,
			"sponsor2": 124,
			"numberDesign": "null,null,null,null",
			"driverSkill": 61,
			"driverAggression": 65,
			"driverOptimism": 50,
			"driverSmoothness": 0,
			"driverAge": 13,
			"pitCrewSkill": 53,
			"strategyRiskiness": 72,
			"iracing_id": 0
		},
		{
			"driverName": "Matt Fretwell",
			"carDesign": "2,ed2129,6d6e71,000000",
			"carNumber": "97",
			"suitDesign": "30,000000,ffffff,000000",
			"helmetDesign": "25,ed2129,6d6e71,000000",
			"carPath": "porsche911cup",
			"carId": 88,
			"carClassId": 0,
			"sponsor1": 97,
			"sponsor2": 124,
			"numberDesign": "null,null,null,null",
			"driverSkill": 60,
			"driverAggression": 65,
			"driverOptimism": 50,
			"driverSmoothness": 0,
			"driverAge": 13,
			"pitCrewSkill": 53,
			"strategyRiskiness": 72,
			"iracing_id": 97558
		},
		{
			"driverName": "Björn Beiersdorf",
			"carDesign": "1,ffffff,013990,4bd3fd",
			"carNumber": "2",
			"suitDesign": "28,f60000,f11313,e5aeae",
			"helmetDesign": "18,000000,000000,000000",
			"carPath": "mx5\\mx52016",
			"carId": 67,
			"carClassId": 0,
			"sponsor1": 97,
			"sponsor2": 124,
			"numberDesign": "null,null,null,null",
			"driverSkill": 58,
			"driverAggression": 65,
			"driverOptimism": 50,
			"driverSmoothness": 0,
			"driverAge": 13,
			"pitCrewSkill": 53,
			"strategyRiskiness": 72,
			"iracing_id": 395130
		},
		{
			"driverName": "Gennadii Stepanov",
			"carDesign": "24,ffc107,536dfe,536dfe",
			"carNumber": "10",
			"suitDesign": "11,ffffff,ed2129,2a3795",
			"helmetDesign": "22,2a3795,ffffff,ed2129",
			"carPath": "porsche911cup",
			"carId": 88,
			"carClassId": 0,
			"sponsor1": 97,
			"sponsor2": 124,
			"numberDesign": "null,null,null,null",
			"driverSkill": 57,
			"driverAggression": 65,
			"driverOptimism": 50,
			"driverSmoothness": 0,
			"driverAge": 13,
			"pitCrewSkill": 53,
			"strategyRiskiness": 72,
			"iracing_id": 272291,
			"carTgaName": "car_272291.tga"
		},
		{
			"driverName": "James N Payne",
			"carDesign": "10,ffffff,ff7111,000000",
			"carNumber": "63",
			"suitDesign": "1,1e70f6,cccccc,666666",
			"helmetDesign": "11,ffffff,fa0000,666666",
			"carPath": "porsche911cup",
			"carId": 88,
			"carClassId": 0,
			"sponsor1": 97,
			"sponsor2": 124,
			"numberDesign": "null,null,null,null",
			"driverSkill": 55,
			"driverAggression": 65,
			"driverOptimism": 50,
			"driverSmoothness": 0,
			"driverAge": 13,
			"pitCrewSkill": 53,
			"strategyRiskiness": 72,
			"iracing_id": 223698,
			"carTgaName": "car_223698.tga"
		}
	]
}