DRIVER,CUSTID,LOCATION,CLUB_NAME,STARTS,WINS,AVG_START_POS,AVG_FINISH_POS,AVG_POINTS,TOP25PCNT,LAPS,LAPSLEAD,AVG_INC,CLASS,IRATING,TTRATING,TOT_CLUBPOINTS,CHAMPPOINTS
"Ty Majeski","62032","US","Midwest",1152,870,2,2,133,953,60569,50111,1.49,"A 4.99",10595,2060,8365,152664
"Tyler Majeski","138310","US","Midwest",1294,936,4,3,138,1102,60045,39473,2.34,"A 4.99",10440,1653,9383,178104
"Ray Alfalla","15687","US","Florida",1150,490,6,5,187,884,102685,36313,2.42,"P 4.87",9525,2184,10197,214891
"Logan Seavey","87145","US","California Club",1191,337,5,6,130,693,48718,12675,2.76,"A 3.34",8748,1388,9027,154665
"Jeff Bye Jr","22230","US","California Club",694,581,1,2,150,636,29756,24996,.87,"A 4.99",8682,2015,4058,104309
"Bobby Zalenski","125400","US","California Club",345,79,6,6,132,192,21862,3917,2.21,"P 4.47",8655,1429,1866,45673
"Austen Semmelmann2","269057","US","Midwest",627,313,3,3,130,434,16308,8082,1.24,"A 4.76",8345,1350,4445,81412
"Howard Weaver","89416","US","Mid-South",574,334,2,3,126,439,17428,10562,1.56,"A 4.13",8329,1332,4363,72169
"Garrett Lowe","173213","US","Carolina",933,174,5,7,149,520,58875,9551,2.92,"A 4.99",8316,1253,6582,138850
"Stevie Minson","34729","US","Virginias",4748,1136,6,6,131,2703,167622,33331,2.23,"A 4.99",8215,1513,40162,623958
"Tyler D Hudson","17070","US","Mid-South",3026,1595,6,4,171,2429,227131,80312,1.79,"P 4.42",8125,1720,31288,516991
"Bill Martin","30461","US","Midwest",806,413,3,4,118,578,39653,21819,1.77,"A 4.95",8117,1528,5565,95189
"Ryan Michael Luza","161358","US","Texas",534,312,3,5,212,439,43055,21570,2.11,"P 2.57",8116,1305,4676,113184
"PJ Stergios","18823","US","New England",1234,352,6,6,137,800,90936,22726,2.11,"P 2.47",8086,2061,9341,169335
"Dylan Duval","58489","CA","Canada",1110,219,6,8,148,577,84230,16476,3.36,"P 3.55",8046,1428,8894,164508
"Logan Clampitt","119681","US","California Club",2526,759,4,6,136,1508,112212,34356,2.41,"P 3.48",7969,1361,22259,344607
"Ryan Luza","46281","US","Texas",885,343,3,5,129,555,46865,20693,2.71,"A 4.99",7945,1823,6110,113796
"Simon Crochart","57557","FR","France",438,174,3,4,152,324,27541,11793,1.52,"A 4.99",7881,1796,4481,66437
"Mike Stodder","39096","US","Carolina",904,500,2,3,124,684,36511,20779,.91,"A 4.99",7820,1390,54,112536
"Daniel Roeper","44933","US","New York",642,396,3,4,147,527,38039,21192,2.18,"A 3.79",7815,1281,8496,94203
"Christian Challiner","162441","GB","UK and I",260,52,8,8,146,142,27706,4447,3.57,"P 4.99",7795,1291,1202,37884
"James Curl","221548","US","Florida",1111,538,4,4,114,780,58400,27265,2.74,"A 4.99",7780,1903,6514,126921
"Dillon Raffurty","73546","US","Great Plains",688,190,7,7,130,391,45633,12658,2.61,"A 4.46",7746,1673,5216,89770
"Cody Byus","58919","US","Carolina",913,364,4,6,113,580,50627,17320,1.69,"P 4.99",7733,1604,5937,103233
"Dale Earnhardt Jr","15082","US","Carolina",325,183,3,3,170,279,28022,14894,.98,"A 4.99",7683,3346,2497,55334
"Brian Schoenburg","15780","US","California Club",1738,707,5,5,144,1246,125012,45034,3.12,"P 4.51",7682,1397,16652,249825
"Brian Perski","17527","US","Michigan",622,189,3,5,160,440,45851,12013,1.92,"A 4.99",7676,1546,7243,99613
"Bobby Hackel","24631","US","New York",900,401,4,4,120,587,40859,16516,1.63,"A 4.25",7571,1251,5142,107602
"Nick Ottinger","45033","US","Carolina",878,356,4,6,115,561,56822,21878,2.65,"P 4.76",7515,1590,4483,100634
"Zack Novak","87205","US","New England",4521,828,6,8,106,2172,206548,42186,2.73,"P 4.99",7504,1278,30218,477925
"Jr Borborema","90612","BR","Brazil",1582,252,5,6,114,821,77603,12279,2.08,"A 4.99",7485,1644,12931,179818
"Michael Conti","38602","US","New Jersey",1518,501,10,6,153,1027,100094,22743,2.06,"P 3.64",7477,1452,14781,232047
"Darik Bourdeau","118202","CA","Canada",218,45,8,8,148,110,17685,3226,2.56,"P 4.22",7422,1314,837,32321
"Blake Reynolds","118216","US","Texas",1175,181,11,8,125,570,73008,9916,2.97,"P 4.99",7410,1333,8199,147073
"TJ Majors","15239","US","Carolina",295,197,2,2,156,246,14600,8875,1.31,"A 4.66",7330,1971,2247,45877
"Seth DeMerchant","58578","US","New England",2265,431,7,7,117,1115,115816,20784,3.93,"A 4.99",7303,1378,17433,265733
"Timmy Hill","51575","US","Atlantic",1603,664,6,5,142,1104,102982,33234,1.93,"P 3.97",7300,1881,15541,227708
"Justin Bolton","52025","US","Carolina",1279,307,7,7,149,723,79854,16195,2.29,"P 3.48",7293,1338,9639,190033
"Justin Brooks II","74163","US","Carolina",335,262,1,2,132,298,17539,13951,2.31,"C 2.57",7276,1363,3244,44162
"Marcus Richardson","121636","US","Atlantic",381,79,6,8,119,196,25512,4838,3.01,"P 3.72",7213,1375,2196,45271
"Mark Jorgensen Jr","101264","US","Texas",705,243,2,4,118,495,31309,14235,1.4,"A 4.99",7187,1436,7415,83147
"Corey Vincent","122502","US","Mid-South",577,144,6,7,128,319,35164,8174,2.18,"P 4.44",7182,1350,4344,73952
"Alan Binder","23713","US","Ohio",634,268,4,4,99,345,28925,15207,2.14,"A 4.99",7152,2760,3859,62480
"Michael Guest","34809","US","Indiana",3490,733,7,6,128,1901,158158,28380,3.28,"A 4.75",7148,1234,29452,445181
"Tyler Laughlin","25075","US","Mid-South",1458,381,7,8,102,704,83135,20153,3.08,"A 3.36",7137,1781,9333,148562
"Michael Cutajar","29920","AU","Australia/NZ",494,273,2,2,122,353,19344,11117,1.03,"A 4.99",7078,1409,546,60204
"Taylor Hurst","105479","US","Carolina",881,141,8,9,143,468,74425,13428,3.26,"P 4.56",7075,1480,6221,126041
"Casey Kirwan","82554","US","Carolina",1303,256,5,6,116,603,71647,14028,2.88,"A 3.65",7071,1457,6430,150873
"Jake Stergios","27868","US","New England",361,73,13,9,105,177,32266,3610,2.86,"P 4.94",7048,1993,1630,38020
"Nick Cooper","124353","US","New York",819,141,10,7,127,395,42266,4549,2.2,"A 4.47",7044,1430,5975,103741
"Corey Hoover","140162","US","Virginias",400,90,5,6,131,234,11429,2444,3.02,"A 2.67",7001,1423,3639,52574
"Jeremy R Allen","29895","US","Indiana",1364,313,6,6,142,808,82949,17470,3.15,"A 3.40",6999,1371,11557,193631
"Stan Bragg Jr","124439","US","Michigan",607,180,4,4,99,351,32754,9350,1.65,"A 4.36",6944,1631,3461,59843
"Matt Whitten","40670","US","Virginias",747,280,5,5,127,495,59895,24453,1.52,"A 4.64",6919,1779,7248,95109
"Jacob Harberts","58500","US","Virginias",1639,560,5,6,127,1013,91938,26247,2.47,"A 4.99",6918,1362,11154,207426
"David Washington","18222","US","Connecticut",1417,328,7,6,100,677,67217,14718,2.29,"A 4.83",6863,1583,9876,141532
"Ryan Lowe","68739","US","Virginias",1127,240,9,8,142,606,89849,15582,2.95,"P 4.69",6863,1377,8549,160544
"Nickolas Shelton","104680","US","Mid-South",1841,505,8,7,133,956,85077,20544,2.31,"A 4.57",6827,1535,15015,244312
"Tommi Hahka","127339","FI","Finland",408,131,4,5,111,263,17406,5789,1.45,"A 4.99",6825,1431,3529,45491
"Joshua Hart","79553","US","Florida",660,175,3,5,90,338,30060,9795,1.55,"A 4.99",6822,1913,3085,59357
"Nathan Wise","115041","US","Mid-South",961,137,8,9,114,435,59570,8908,3.44,"A 3.42",6811,1436,6322,109298
"Chris Shearburn","15852","US","Illinois",114,53,6,6,166,87,8525,2980,1.3,"P 4.67",6802,2543,901,18885
"Kenny Humpe","17123","US","Ohio",1609,670,6,6,142,1081,115078,49940,2.52,"P 3.87",6792,1871,17137,227927
"Kevin King","15507","US","California Club",1255,450,7,7,153,805,95358,29531,2.53,"A 4.43",6762,2100,11797,192228
"Marcus Lindsey","16731","US","Indiana",647,248,6,5,131,418,39806,13614,1.65,"A 4.55",6744,1772,5665,84561
"Justin Trombley","16933","US","New England",1078,488,6,6,140,750,85548,31120,1.5,"A 4.01",6727,1606,8170,151187
"Tyler D. Hudson","261989","US","Mid-South",139,85,4,3,163,119,6914,2958,1.06,"A 4.99",6725,1350,1351,22621
"Chad Coleman","26294","US","Georgia",1201,103,8,8,133,492,84685,6964,2.59,"A 4.69",6723,1444,8222,159942
"Cullen Brown","58576","US","Texas",648,195,3,6,136,395,25559,8348,1.96,"A 4.30",6720,1330,5660,88150
"Tyler Severa","246788","US","Virginias",441,197,3,5,96,285,19314,11211,1.92,"A 4.99",6689,1317,3076,42266
"Rusty Greer","15121","US","Carolina",333,221,1,3,154,275,17009,13578,.67,"A 4.99",6683,2430,2431,51319
"Charles Cosper","20867","US","Texas",647,271,4,4,135,443,43583,17535,1.53,"A 4.10",6631,1882,4646,87511
"Nolan Scott","15639","US","Mid-South",327,50,10,10,145,165,31822,4318,3.65,"P 3.93",6603,1595,2094,47514
"Jarl Teien","51005","NO","Scandinavia",1158,272,4,8,131,614,59002,16611,3.13,"A 2.94",6581,1494,8871,151513
"Joshua Chin","67096","US","Florida",544,80,9,8,118,228,20611,2343,3.14,"A 4.40",6568,1412,3902,64139
"Mark Daddio","18164","US","New England",366,226,2,3,143,283,15482,10270,1.08,"A 2.59",6556,1763,1261,52349
"Craig MacDonald","110873","CA","Canada",947,293,7,7,59,464,31058,12808,2.9,"B 3.78",6547,1291,4246,56176
"Jordan Hightower","16602","US","Mid-South",891,163,7,8,121,420,54666,9299,2.96,"A 4.99",6541,1402,6211,107997
"James Linkiewicz","134640","US","Indiana",2173,679,3,5,92,1217,104393,38638,2.95,"A 3.51",6533,1508,11162,199803
"Pedro Mojica","29587","US","Texas",473,99,7,7,139,278,30372,6243,2.29,"A 4.89",6531,1232,4064,65657
"Joshua Laughton","15882","US","California Club",1137,427,6,6,146,751,87397,27200,2.64,"A 3.56",6526,1505,11767,166094
"Ryan Kuhn","107777","US","New England",2154,540,6,6,85,1034,80794,22319,2.76,"B 3.62",6521,1387,11428,183698
"Byron Daley","31767","US","Carolina",1089,265,9,7,153,694,78913,13747,2.44,"P 4.69",6516,1455,10234,166193
"Nicholas Sadowski","121382","US","New York",723,147,7,8,96,342,36214,9787,2.98,"A 4.50",6513,1401,5113,69475
"Trey Eidson","18838","US","Carolina",680,136,9,8,114,325,45829,6468,2.47,"P 4.30",6509,1631,4489,77354
"Tim Ryan","116335","AU","Australia/NZ",319,165,3,4,95,204,7489,4600,3.29,"A 3.34",6498,1318,1696,30440
"Justin Brooks","33988","US","Carolina",724,288,3,5,129,476,43131,19311,3.02,"B 2.43",6479,1541,5784,93255
"Alex A Bergeron","246298","CA","Canada",325,157,3,3,127,245,7754,3794,1.96,"A 1.68",6474,1340,2520,41225
"Jake Nichols","129004","US","Carolina",545,39,13,10,101,185,35645,1870,3.35,"P 4.99",6463,1299,2413,55079
"Jonathan Goke","49970","US","International Club",1225,508,3,6,118,763,63127,26315,2.55,"A 4.99",6457,1472,11773,144874
"Aaron Likens","35241","US","Great Plains",1123,283,4,5,110,688,59056,17445,1.54,"A 4.99",6434,1492,9863,123636
"Jared Crawford","19185","US","Michigan",472,248,5,5,146,342,39128,20382,1.63,"A 4.99",6428,2406,5557,69060
"Jock Goodyer","240170","AU","Australia/NZ",431,124,4,5,84,220,11501,3431,2.44,"A 2.45",6421,1350,2345,36092
"Anthony Kernich","65082","AU","Australia/NZ",918,145,4,6,123,478,55474,10264,1.49,"A 4.99",6421,1501,8105,113290
"David Krikorian","34107","US","California Club",477,115,5,6,114,262,31206,8111,2.15,"A 4.84",6418,1463,3622,54464
"Conner Blaise","118679","US","New England",1117,264,7,6,76,529,47349,11994,2.73,"A 4.99",6418,1167,5505,84514
"Kaleb Isenhour","151427","US","Texas",968,156,6,8,97,386,52761,10718,3.64,"A 4.99",6405,1332,5364,93480
"Dustin Montgomery","33601","US","Mid-South",655,105,8,8,105,288,41711,6614,2.97,"A 4.99",6399,1309,4460,68592
"Matt Bussa","31545","US","Illinois",1841,409,8,8,132,965,126290,29281,2.98,"P 3.54",6392,1437,11425,242655
"Theo Olson","18271","US","Midwest",713,257,4,4,148,501,45923,13821,2.5,"A 2.72",6391,1603,5387,105232
"Michael J Johnson","25262","US","Mid-South",578,72,10,11,112,230,56881,5306,3.65,"P 3.96",6370,1662,3280,64677
"Nicholas Morse","16647","US","West",829,226,8,7,154,495,73236,15432,3.01,"A 4.88",6369,1793,7059,127446
"Heath Smith","57965","US","Georgia",520,168,4,5,86,258,23996,10835,2.13,"A 4.99",6368,2168,2181,44867
"Casey Tucker","80543","US","Georgia",559,51,12,10,133,226,47632,2928,3.31,"P 4.34",6364,1314,2839,74323
"Chad J Laughton","91667","US","California Club",639,216,8,8,159,426,49077,13486,2.12,"A 3.68",6361,1401,6003,101756
"Dustin L Johnson","215936","US","Carolina",530,71,8,9,119,230,39559,5418,3.18,"A 4.85",6352,1232,3909,63043
"Andrew Fayash III","16832","US","Pennsylvania",575,76,13,10,106,230,54636,4312,2.93,"P 3.79",6349,1590,2597,60778
"Joe Schaffer Jr.","151380","US","Midwest",632,228,4,5,95,350,35107,14517,2.38,"A 4.99",6332,1274,3975,59767
"Austin Osborne","71008","US","Carolina",367,150,3,4,108,228,15254,5998,1.65,"A 3.55",6330,1773,2577,39602
"Keegan Leahy","138671","CA","Canada",1371,293,6,8,111,601,70016,16818,3.49,"A 3.54",6330,1205,7966,151623
"Mason Dahl","133331","US","Virginias",743,110,9,8,101,317,35859,5218,4.62,"A 3.60",6305,1216,4318,74694
"Chris Overland","43733","US","Texas",2016,184,10,9,108,716,120939,9937,3.36,"P 3.64",6300,1487,9976,218390
"Nigel deJong","96679","NL","Benelux",1542,581,3,5,115,1053,87047,31932,1.64,"A 4.99",6295,1288,13445,177145
"Landon Harrison","25241","US","Great Plains",429,28,16,12,121,138,42460,1451,3.15,"A 3.80",6289,1558,1752,52005
"Brennan Rogers","144663","US","California Club",477,122,7,7,75,227,12389,3065,2.62,"A 4.97",6282,1594,2491,35699
"Teemu Iivonen","73499","SE","Finland",373,70,8,9,138,171,21492,2652,3.48,"A 4.43",6281,1449,2103,51660
"Brad Mahar","41075","US","New England",1118,200,8,8,123,531,90432,17151,3.78,"A 3.22",6277,1626,8678,137727
"Randy Hedrick","33199","US","Ohio",2236,291,9,7,96,818,106139,9733,3.03,"B 3.50",6234,1457,9959,214096
"David Comstock","46630","US","Carolina",437,58,9,8,134,210,30749,3596,3.03,"A 4.94",6232,1473,3491,58559
"Logan Kress","97243","US","New England",2726,352,7,8,106,1216,104758,13621,3.84,"A 2.84",6229,1347,15889,289256
"Mark Lambert","44343","US","Indiana",288,128,3,4,121,200,16969,8279,1.63,"A 4.99",6225,1602,2209,34764
"Andre Fiorini","198464","CA","Canada",904,263,5,5,83,475,37706,11080,3.03,"A 4.55",6209,1419,4745,75079
"Kenneth OKeefe","24386","CA","Canada",1686,682,3,5,138,1079,79842,34585,2.22,"A 3.26",6208,1520,14190,232028
"Bruno Barbugli","136452","BR","Brazil",1058,291,4,7,112,591,42190,15066,2.57,"A 4.15",6194,1510,8579,118213
"Jeffrey Rietveld","26407","NL","Benelux",272,155,2,3,122,204,10731,6503,1.29,"A 4.99",6193,1380,335,33182
"Jacob Nottestad","172758","US","Midwest",1532,414,6,7,99,786,71825,17949,3.99,"C 1.93",6184,1279,9020,151321
"Josh Weinrich","33240","US","Great Plains",703,304,4,5,119,469,34037,16991,2.31,"A 2.63",6171,1374,7426,83620
"Patrick Mallet","131319","CA","Canada",1465,126,7,9,101,598,71578,5511,2.67,"A 4.99",6165,1253,10626,147997
"Cody Kelley","82661","US","Carolina",672,215,5,5,104,400,28818,9504,2.15,"A 3.13",6161,1266,4094,69906
"Brodie Kostecki","38948","US","Australia/NZ",1212,453,6,6,104,684,56243,24662,2.85,"A 3.37",6160,1477,7787,125567
"Thomas Davis","64459","US","Mid-South",1430,376,8,8,105,737,91812,21584,3.3,"A 4.99",6160,1563,10562,149908
"Robbie Vrabel Jr","150878","CA","Canada",675,63,11,9,114,238,51778,4922,3.14,"A 4.57",6157,1308,4037,77175
"Trey Jarrell","38138","US","Virginias",408,122,4,6,118,221,23805,7562,2.44,"A 4.99",6151,1474,2632,48140
"Matt Cooke","110041","CA","Canada",565,207,4,6,102,356,31018,13430,1.5,"A 4.99",6148,1625,4276,57637
"Josh Berry","17243","US","Mid-South",2067,796,7,6,159,1406,133863,40976,2.47,"P 3.36",6140,1581,18674,327845
"Philipp Geiss","56310","DE","DE-AT-CH",234,58,5,7,126,121,16304,3754,2.15,"A 4.55",6140,1486,1554,29395
"Jimmy Mullis","118122","US","Carolina",4136,932,7,7,97,2029,179798,40858,2.88,"P 3.75",6139,1242,26091,401086
"Robert M Lang","43022","US","Florida",393,80,9,7,119,191,23141,3662,3.04,"A 3.97",6139,1378,2940,46894
"Hannu Etupaltta","15217","FI","Finland",479,93,4,5,111,287,22575,4758,1.9,"A 4.99",6136,1441,4243,53108
"David Rattler","41761","US","Mid-South",902,116,7,8,113,345,60282,5222,2.79,"P 3.56",6130,1537,2167,102026
"Don Stephenson","91492","US","Florida",1874,267,6,7,116,944,101115,14265,2.24,"A 4.59",6130,1368,14640,217225
"Bob Bryant","15877","US","Mid-South",698,213,8,5,139,453,32571,8577,2.76,"A 2.09",6125,1486,7086,97342
"Braden Boulos","126971","US","Indiana",1314,165,7,8,99,548,70476,8238,2.83,"A 3.60",6104,1304,7350,129626
"Caine Cook","161571","US","Great Plains",455,84,6,7,112,212,20042,4209,2.27,"A 4.99",6104,1275,3504,51160
"Jordy Lopez Jr","125274","US","New Jersey",2240,551,7,7,149,1366,107681,19729,2.59,"A 3.03",6102,1350,18281,334115
"Patrick Baldwin","15670","US","New England",678,302,7,6,139,478,55191,21220,2.1,"A 4.99",6097,2197,6957,94157
"Dave Bodio","175136","US","New England",621,171,5,5,80,299,33868,10935,3.48,"A 3.22",6078,1230,2670,49863
"Kevin Ellis Jr","148529","GB","UK and I",693,255,5,6,102,429,32560,13525,1.59,"A 4.99",6071,1201,6445,70508
"Vedran Broz","81667","HR","Central-Eastern Europe",394,193,3,5,75,220,10949,4095,1.58,"A 4.99",6070,1656,2052,29524
"Jerold John","44584","US","New England",1874,485,4,5,91,911,125529,42105,2.54,"A 4.52",6066,1790,9475,169758
"Thomas Axsom","171664","US","New England",1781,386,6,6,77,834,69236,16398,2.97,"A 3.35",6062,1128,7874,136730
"Casey Malone","52927","US","Texas",282,46,8,7,104,140,19409,2461,2,"A 3.50",6061,1421,1782,29388
"Peter Read","18070","AU","Australia/NZ",252,140,2,3,120,180,10046,6049,2.44,"A 4.50",6052,1837,1268,30331
"Greg McKinney","67529","US","Carolina",1016,151,6,8,120,432,63730,8772,2.83,"A 4.99",6049,1392,5977,121483
"Nicholas Doucette","82704","CA","Canada",620,128,5,6,124,364,36812,7560,1.78,"A 4.99",6049,1260,6872,77056
"Mark Arthur","91227","US","Virginias",981,185,5,7,92,448,36664,8806,3.09,"B 3.44",6048,1411,2086,90520
"Brenden Baker","49942","US","Texas",666,130,7,7,67,265,23717,4897,3.67,"C 1.51",6044,1242,1851,44375
"Aaron Lee Jr.","263941","US","Ohio",305,174,2,2,105,252,11980,7031,.92,"A 4.99",6039,1155,2104,31962
"Dallas Pataska","217321","US","Midwest",802,145,6,7,87,339,35888,7719,2.59,"A 4.99",6033,1264,3877,69687
"Christopher Demeritt","41368","US","New Jersey",765,196,4,7,78,319,39861,12998,3.05,"A 4.99",6031,1921,5345,59921
"Steven Wilson3","260356","US","Midwest",791,108,8,8,110,364,37568,5419,2.83,"A 4.29",6029,1350,6022,87076
"Mike McKinney","29915","US","Illinois",1311,206,7,7,120,625,50641,7741,2.94,"A 2.52",6025,1494,7570,157144
"James Edens","77711","US","California Club",1532,222,6,7,103,663,62298,9014,3.38,"A 3.70",6008,1574,7909,157711
"Brandon Schmidt","42361","US","Midwest",1187,238,6,8,116,642,94330,22352,2.58,"P 2.79",5998,1474,10826,138065
"Taylor Meyn","63053","US","Virginias",377,144,4,3,118,260,23301,7072,2.01,"A 4.51",5994,1508,2771,44349
"James E Crawford","107203","US","Carolina",513,172,7,6,82,240,25597,4739,3.2,"A 2.44",5994,1215,2298,42160
"Ron Hagolin","40077","US","Texas",431,128,3,4,102,276,24296,9317,2.18,"A 4.60",5992,1618,2488,43832
"Christopher Bell","64259","US","Great Plains",962,216,7,7,108,451,35047,7687,3.62,"A 2.40",5990,1344,6620,104347
"Michael Cosey Jr","86127","US","Atlantic",1167,146,8,7,83,365,50397,6470,3.72,"A 3.65",5980,1583,4758,96643
"Jason Karlavige","33234","US","Pennsylvania",868,220,6,6,155,583,53215,11372,1.59,"A 3.43",5973,1361,8491,134375
"Sean A Johnson","31823","US","West",363,98,4,5,124,238,32878,9370,1.6,"A 4.99",5970,1427,3816,45081
"Rob Read","146468","GB","UK and I",266,31,8,7,117,115,20686,2324,2.45,"A 4.99",5968,1269,1125,31125
"Bryan Blackford","16904","US","Florida",1568,186,11,9,120,634,109575,9331,3.88,"P 2.46",5961,1411,8305,188567
"Tyler Seavey","128877","US","California Club",924,161,4,8,75,353,26224,4980,3.37,"A 2.55",5956,1346,3982,69141
"Jukka Savolainen","26607","FI","Finland",1105,412,4,5,125,722,73594,26214,1.85,"A 3.78",5951,1723,10056,138540
"Dylan Sharman","46789","AU","Australia/NZ",541,162,4,5,92,262,26024,9114,2.28,"A 2.65",5948,1935,2241,49753
"Derek Wood","17000","US","Great Plains",209,100,6,7,168,149,18471,7187,2.82,"A 3.47",5948,1941,1465,35056
"Greger Huttu","15250","FI","Finland",73,50,1,2,168,62,6434,4228,1.34,"A 4.99",5928,2555,474,12290
"Eugene Mozgunov","33320","RU","Central-Eastern Europe",1201,418,3,5,125,790,71191,22258,2.82,"A 4.17",5926,1648,9451,149782
"Ryan Doucette","143103","US","New England",2402,579,6,6,104,1276,113865,23511,2.74,"A 2.66",5911,1315,14178,249448
"Wes Weidman","15761","US","Great Plains",888,196,8,6,129,524,65333,14686,2.14,"A 3.54",5901,1240,8593,114749
"OJ Dompier","87513","US","Midwest",1393,396,4,4,86,793,70112,21485,1.64,"A 4.99",5900,1424,7859,120336
"Michael Vanosdol","107657","US","Mid-South",992,115,5,8,115,443,58850,8979,2.63,"A 4.99",5896,1330,8369,113939
"Teddy Gibala","104431","US","Pennsylvania",745,176,5,6,102,379,35711,8935,2.39,"A 3.70",5892,1478,5830,75660
"Mark Coombes","29838","AU","Australia/NZ",890,330,3,3,114,546,35492,13928,1.25,"A 4.30",5883,1195,216,101811
"Michael Abrams","71755","US","New York",602,82,9,9,117,238,50087,4825,2.89,"A 4.57",5882,1095,2647,70259
"Benjamin Burmeister","31871","DE","DE-AT-CH",736,126,7,9,118,326,55267,8921,3.86,"A 3.93",5878,1522,5012,86668
"Derek Crone","58808","US","Virginias",384,53,7,8,107,165,22004,3482,2.39,"A 3.27",5878,1483,2385,40924
"Joey Brown","30535","US","Texas",550,145,5,8,126,303,38677,13394,3.14,"A 4.52",5876,1659,4364,69361
"Harrison Widelitz","17027","US","New Jersey",677,156,6,6,130,390,38580,7585,1.95,"A 4.99",5876,1845,5014,87928
"Satoru Ohno","48613","JP","Asia",1280,280,5,6,94,620,69713,14741,2.94,"A 4.49",5876,1885,7615,119993
"Glenn Murphy Jr","195265","US","Great Plains",379,32,7,9,119,145,21283,1900,2.76,"A 4.38",5871,1291,2803,44966
"Carson McClelland","44649","US","Carolina",628,63,9,10,123,246,49282,5286,3.25,"A 4.85",5870,1536,4377,77401
"Jeremy Capron","150541","US","Midwest",448,87,5,5,89,201,14851,2825,2.4,"A 4.82",5865,1237,1854,40052
"Kris Marlow","80092","US","Northwest",1096,253,4,5,83,507,55443,15364,1.65,"A 4.58",5854,1290,4480,90505
"Cory Wentzel","71021","US","Pennsylvania",3361,279,10,8,80,1016,126625,8351,2.27,"A 4.15",5852,1246,13815,269754
"Justin Norwood","23734","US","Carolina",486,139,4,5,89,240,20637,5943,2.65,"A 4.99",5846,1828,2156,43284
"Ryan Field","16841","US","New England",247,136,3,3,132,188,13747,7411,1.67,"A 4.28",5846,1723,2114,32645
"Adam Gilliland","32765","US","Texas",3237,679,7,8,108,1484,173709,39276,4.05,"P 2.35",5840,1503,18528,348423
"Patrick Crabtree","114928","US","New England",578,68,7,10,111,253,36794,4316,3.25,"A 4.83",5833,1482,2829,64306
"Dustan Karschner","163095","US","Pennsylvania",457,25,9,10,118,169,41689,1574,4,"A 4.31",5833,1201,1252,53973
"Jason Berg","114876","US","Northwest",730,71,7,8,92,285,32464,3640,2.72,"A 3.53",5823,1330,4339,67244
"Blade Whitt","24011","US","Virginias",676,102,7,7,129,336,41948,5690,2.85,"A 2.36",5820,1053,4630,87096
"Tyler Hill","60305","US","Atlantic",797,121,10,9,119,366,56203,5227,3.3,"P 3.51",5817,1635,5230,94950
"Galen Winesette","31481","US","Virginias",832,388,2,4,129,588,42117,21702,1.2,"A 4.82",5815,1873,2805,107046
"Connor Anton","95129","CA","Canada",1153,183,5,7,100,522,48809,8618,2.39,"A 1.32",5814,1075,6886,115505
"Dylan Roe","50304","US","Carolina",2428,470,7,7,88,1071,91368,17677,2.68,"A 2.24",5813,1410,10057,212791
"James Wenzel","68733","US","Midwest",726,90,7,7,100,287,51818,6914,2.46,"A 4.85",5811,1620,3885,72278
"Scott Sanderson","98476","US","Illinois",593,81,8,7,81,217,28045,3189,2.2,"A 4.08",5809,1564,2618,48155
"Steffen Nobis","119348","DE","DE-AT-CH",222,42,7,7,114,110,17039,3525,3.43,"A 4.99",5793,1800,876,25216
"Mickaël CADO","122146","FR","France",393,41,8,8,112,160,30231,2226,3.7,"A 3.82",5793,1265,2292,44037
"Toby Jenkins","28450","US","Northwest",422,121,6,5,137,231,25107,6791,2.78,"A 4.25",5792,1575,2832,57902
"TJ Hays","138817","US","Mid-South",276,84,5,5,100,156,14015,4220,1.59,"A 4.62",5788,1344,1918,27637
"Brad Davies","15569","US","Florida",750,228,9,9,152,457,69521,15254,3.37,"P 2.44",5787,2096,5362,114212
"James Mihlbachler","82698","US","Ohio",1650,244,8,7,103,703,71358,11196,4.09,"A 4.64",5782,1464,10242,169616
"Jesse Schwarz","130173","US","Atlantic",1470,199,5,8,89,544,68530,13309,2.9,"A 4.64",5782,1314,9150,131552
"Carson Hocevar","141337","US","Michigan",1174,241,6,6,86,552,50058,10466,3.38,"A 1.40",5782,1121,4985,100730
"Kevin J Holley","56503","US","Great Plains",1564,180,7,7,96,508,62935,5683,2.82,"A 3.50",5778,1306,5076,150340
"Spencer Prete","91485","US","Atlantic",1410,237,6,7,77,560,55944,13301,3.78,"A 2.33",5775,1305,5018,108590
"Rickey J Sanders","278207","US","California Club",964,379,3,4,108,584,20811,8390,2.42,"A 2.43",5774,1349,6443,104094
"Ian Hann","82865","US","Mid-South",1069,129,8,9,108,418,63664,7863,4.24,"A 2.64",5774,1523,7483,115208
"Brendan Costello","145465","US","New England",216,27,11,7,124,112,13152,1514,4.05,"A 3.53",5772,1285,1492,26787
"Joshua Filyaw","126648","US","Carolina",791,96,8,8,120,360,51967,5350,3.49,"A 3.42",5761,1282,5055,94724
"Tom Moustakas","65431","US","New York",1350,243,6,7,131,660,70995,13260,2.54,"A 4.60",5760,2034,11039,176179
"Samuel Dick","17518","US","Pennsylvania",1124,323,6,6,95,524,70738,21731,1.84,"A 4.53",5750,1594,5390,107337
"Garrett Manes","194770","US","Virginias",1123,219,5,7,97,572,51462,12422,2.32,"A 4.83",5750,1435,8028,109187
"Kyle Putz","95111","US","Midwest",423,29,12,10,114,135,30885,2340,2.76,"P 2.62",5748,1323,1739,48143
"Scott T McLaughlin","30869","AU","Australia/NZ",653,218,4,5,88,362,22837,8837,3.08,"A 2.16",5745,1232,3526,57654
"Brett Osborn","75716","US","Ohio",1163,333,4,5,104,640,75205,23930,2.26,"A 4.83",5744,1654,6859,120656
"Ryan Matthews","108148","US","Virginias",1595,268,9,8,61,531,71506,12951,3.59,"A 2.49",5743,1227,5991,97757
"Glynn Rockefeller Jr","201327","US","New England",405,36,12,11,118,133,32863,1633,4.95,"A 2.59",5738,1359,1670,47978
"Robin Mundhenk","35054","DE","DE-AT-CH",417,72,5,7,105,216,26675,4724,3.17,"A 3.70",5737,1314,3164,43621
"Cal Whatmore","52856","AU","Australia/NZ",615,121,6,6,101,317,20668,3216,2.23,"A 3.69",5734,1394,4725,62194
"Dalton Collins","111238","US","Mid-South",3014,462,5,7,96,1405,130253,20890,2.89,"A 4.37",5734,1186,19170,290109
"Jake Matheson","90854","US","New England",1431,139,9,8,72,464,52677,4865,4.43,"A 1.15",5726,1399,5759,103305
"Wade Hustad","97256","US","Midwest",580,220,3,5,128,373,21093,9082,2.09,"A 3.39",5722,1341,3621,74416
"John Gorlinsky","15564","US","New Jersey",830,231,8,7,136,489,56636,13913,3.35,"A 3.49",5719,1587,6870,113155
"Nathan Saxon","71924","US","New England",371,59,4,6,98,165,22964,5808,2.22,"A 4.06",5712,2045,1842,36307
"Alex J Holt","91747","US","Northwest",279,82,3,5,109,170,12211,4502,1.8,"A 4.47",5707,1451,2214,30501
"Kyle Sterk","91377","US","Carolina",410,119,4,5,95,217,21766,7568,2.1,"A 4.99",5704,2126,1701,38943
"Justin Roberts","16652","US","Virginias",233,43,6,5,129,104,16431,1868,2.52,"A 4.99",5702,1676,1684,29977
"Grant Winchester","107455","US","Carolina",952,260,4,7,98,489,39714,13866,3.2,"A 3.20",5701,1354,7171,93469
"Jacob Leverstein","102690","US","Virginias",398,91,4,5,79,191,12066,3310,3.4,"A 3.65",5697,1312,1586,31560
"Craig Stykes","46022","US","Mid-South",637,125,9,7,117,324,39016,7463,2.63,"A 4.32",5689,1422,5111,74740
"Nigel Marneef","116265","NL","Benelux",341,74,6,6,113,209,22520,4159,1.58,"A 4.99",5683,1364,3147,38534
"Ty Spearman","117374","US","Carolina",697,194,3,5,105,381,38596,12419,1.73,"A 4.37",5681,1336,4618,73482
"Garret Strachota","183717","US","Midwest",678,168,5,5,97,399,30932,8286,3.91,"C 1.57",5681,1356,4975,66001
"Case Brinksma","33718","US","California Club",833,206,6,6,80,329,38690,8392,2.4,"A 3.70",5677,1306,3182,66377
"Gary Fridinger","42860","US","Pennsylvania",386,147,5,5,109,237,28823,10876,1.58,"A 4.60",5670,1665,2756,41893
"Daniel Williamson","22218","US","Virginias",1207,304,3,5,113,619,61709,18562,2.89,"A 3.58",5668,1884,6387,135889
"Travis Adams","68607","US","Virginias",188,89,3,4,105,121,6712,2971,1.14,"A 4.99",5667,1884,1103,19745
"Kevin Pommier","105435","FR","France",1036,83,8,8,92,439,54619,3909,2.94,"A 4.64",5666,1321,6863,95187
"Alex Peck","96224","US","Northwest",656,140,6,5,106,353,26317,5340,1.77,"A 4.48",5665,1425,4857,69734
"Joe P Martinez","216728","US","West",331,120,4,4,80,180,15288,5992,2.26,"A 4.67",5661,1529,1366,26363
"Rafael Doninelli","48153","BR","Brazil",433,79,7,8,118,200,32884,5228,2.59,"A 4.74",5656,1279,3289,51180
"Graham Bunyan","154796","AU","Australia/NZ",1572,334,6,6,84,766,75404,17885,1.67,"A 4.99",5654,1216,10139,132040
"Graham A. Bowlin","222922","US","Mid-South",464,70,7,8,102,199,18443,2753,3.96,"A 4.41",5653,1223,3128,47487
"James Heater","58542","US","Ohio",257,53,3,5,106,151,15742,3898,1.2,"A 4.99",5651,1695,2183,27291
"Casey Kelley","128939","US","Carolina",300,70,7,6,106,160,12771,2916,2.89,"A 2.21",5650,1350,2039,31857
"Timothy J Collins","143946","US","Carolina",126,64,2,4,141,102,5047,2736,1.63,"A 4.35",5649,1470,667,17763
"Allen Provenzano","100860","US","Illinois",572,141,6,6,106,303,23603,5961,2.34,"A 4.99",5640,1329,3688,60913
"Fernando Cardoso","127024","CA","Canada",697,86,7,9,82,249,27032,3618,3.52,"A 4.75",5636,1274,3841,56808
"Bill Brown","54851","US","Florida",767,166,4,5,101,385,42604,10692,1.89,"A 4.99",5635,2500,4989,77128
"Ryan Borges","114122","US","New England",823,74,9,9,80,243,46107,3520,4.11,"A 4.35",5631,1366,3010,65871
"Connor Mackenzie","16789","CA","Canada",317,88,5,6,135,203,23256,6146,2.21,"A 3.97",5631,1818,1669,42709
"Christian Pedersen","22018","US","New England",2047,402,9,7,121,1027,94743,14535,3.72,"A 2.78",5630,1454,15188,247560
"Jason Martin3","64487","AU","Australia/NZ",559,160,2,4,98,361,29438,8137,1.34,"A 4.99",5629,1766,4390,55023
"Dylan Wilson","67353","US","West",239,59,6,7,100,124,9937,2807,2.52,"A 3.01",5626,1283,1444,24003
"Robert Kerstetter2","251721","US","Pennsylvania",1021,91,6,8,79,330,30405,3261,2.99,"A 2.50",5626,1622,4224,80202
"Phillip Diaz","15579","US","Florida",189,16,11,9,127,77,14846,1394,3,"P 4.45",5624,1605,986,24084
"Justin Garrett","17730","US","Virginias",1029,495,4,3,141,717,56211,24894,2.33,"A 3.63",5622,1526,5444,144802
"Larry Yingling","108514","US","Pennsylvania",206,62,4,5,101,125,11702,3517,1.33,"A 4.99",5621,1407,1592,20732
"Matthew Nichols","98445","US","Northwest",585,52,7,9,109,238,30223,4089,3.13,"A 4.92",5619,1316,3719,63678
"Blake Bryant","72532","US","Carolina",1810,165,7,9,103,724,87644,7797,2.72,"A 3.52",5618,1447,12199,186004
"Zach Chinowith","39960","US","Texas",238,72,8,6,89,122,12374,2741,2.88,"A 4.99",5618,1663,1924,21159
"Josh Skroupa","17814","US","Atlantic",773,355,3,5,111,540,39476,21900,1.38,"A 4.97",5617,1795,7588,85521
"Allen Boes","64447","US","Ohio",2395,372,7,9,118,1082,114913,19270,2.92,"A 1.39",5611,1411,16256,283703
"Colton Davis","174060","US","Great Plains",1508,279,7,8,105,708,78018,13868,4.04,"A 3.52",5611,1310,8805,158164
"Austin Hartenfels","27433","US","Carolina",694,83,6,7,125,316,34705,4555,2.96,"B 2.42",5607,1687,5081,86484
"Christian Steele","153763","US","California Club",762,135,6,7,80,350,38496,8796,1.88,"A 4.99",5603,1170,5463,60854
"David L Brown","82924","US","Georgia",834,115,7,8,119,338,34821,5585,3.67,"A 2.89",5596,1514,5922,99139
"Joshua Campbell","94514","US","Pennsylvania",1008,73,6,9,95,297,96916,8466,2.73,"A 4.99",5585,1350,5123,96063
"Brian Ammerman","72096","US","Illinois",1251,206,6,8,100,578,89142,16678,3.16,"A 4.54",5583,1498,9115,125061
"Eric J. Smith","160763","US","Illinois",1165,171,7,8,100,461,49597,9179,4.09,"A 4.39",5580,1282,7444,116068
"Stephen Moore","29326","US","California Club",883,132,7,6,101,359,41590,5435,2.33,"A 3.10",5576,1409,5102,88886
"Will Cooley","191057","US","Carolina",472,14,9,11,90,126,32171,1530,3.66,"P 4.47",5564,1198,1811,42456
"Tyler Armstrong","21209","US","Georgia",560,95,6,7,110,268,35531,6282,2.62,"A 4.99",5548,1687,3693,61442
"Malik Ray","62419","US","Carolina",4040,1109,7,7,131,2277,186033,47283,2.91,"A 3.70",5545,1566,34877,530442
"Lionel Calisto","31605","US","California Club",1130,134,10,8,105,486,71763,7730,3.8,"A 3.73",5544,1303,7834,119146
"Chandler Krizek","130580","US","West",1133,107,8,11,101,388,81844,9743,4.47,"P 4.74",5541,1251,5789,114967
"Jean Bapt Charles","45702","FR","France",471,34,9,8,99,161,30874,1371,3.53,"A 4.40",5539,1748,2350,46647
"Dustin Adams","96234","US","Carolina",412,64,6,7,64,161,14207,2701,4.26,"B 3.70",5528,1360,781,26422
"Tyler Ducharme","124109","US","New England",597,86,8,8,104,252,32815,3433,4.25,"A 2.49",5526,1167,3533,61996
"Joe Letteriello","79479","US","Pennsylvania",507,54,9,9,95,154,22653,3038,3.85,"P 2.53",5524,1398,2037,48377
"Justin Fuller","18340","US","New York",3578,933,5,6,125,2003,150477,41268,3.77,"B 2.60",5520,1562,25897,448843
"Ethan Lane","87660","US","Carolina",3257,1006,5,7,107,1816,142295,50194,2.81,"A 3.47",5518,1353,26338,349199
"Kris Kelley","135859","US","Virginias",365,65,6,8,101,153,21120,3533,2.83,"A 4.56",5511,1822,1944,36971
"Rob Ackley","15999","US","New York",1143,182,8,7,124,543,82837,9932,1.96,"A 4.68",5509,1701,8052,141476
"Sascha Wesler","70162","DE","DE-AT-CH",402,42,7,10,108,149,35813,4786,2.77,"A 4.14",5508,1894,2019,43427
"Marco Aurelio Brasil","147741","BR","Brazil",1113,196,4,7,84,538,61859,16420,1.91,"A 4.99",5505,1268,8440,93738
"John Reed","108548","US","West",162,49,4,5,131,115,8377,2531,1.32,"A 4.99",5504,1369,1953,21202
"Trent Ringler","92351","US","Indiana",1740,345,5,8,110,846,120561,29562,2.59,"A 4.53",5502,1780,14261,191950
"Mason White","111185","US","Carolina",426,79,6,6,101,204,21761,3969,2.45,"A 4.95",5501,1185,2224,42817
"Dwayne Vincent","52691","US","Mid-South",2613,344,7,8,122,1261,208340,24485,2.47,"A 4.82",5496,1626,19094,319532
"Darrel Wilson","134263","US","Carolina",70,43,4,3,164,59,3469,2085,2.03,"A 4.52",5489,1362,803,11450
"Jordan Westfall","49740","CA","Canada",710,169,7,7,118,398,51265,11173,2.72,"A 4.77",5485,1797,5844,83619
"Kyle McCormick","90580","US","Carolina",1090,197,9,8,116,510,72374,10598,2.84,"A 4.53",5484,1703,8264,126668
"Jake Hayes","126604","US","Georgia",995,88,10,9,109,334,72114,5886,4.13,"A 3.49",5482,1274,5189,108884
"Dirk A Kalinowski","60867","DE","DE-AT-CH",251,85,2,5,99,161,19415,9053,1.71,"A 4.99",5477,2129,2308,24780
"Adam Benefiel","132004","US","Mid-South",823,104,9,10,116,353,58749,8048,3.07,"A 4.81",5475,1170,4196,95544
"Jeremy Adams2","180671","US","Mid-South",237,117,3,3,94,170,8049,4250,2.59,"B 4.98",5473,1265,727,22342
"Matthew Davis","42332","US","Mid-South",797,52,10,9,88,213,49473,2927,2.17,"A 4.98",5472,1645,4023,70154
"Kevin J Myers","37062","US","Ohio",1552,424,5,5,106,892,78131,22534,2.61,"A 2.04",5471,1471,8882,164755
"Ashley Miller","35248","US","Carolina",763,153,7,8,131,345,52763,11500,2.58,"A 2.54",5466,1457,4198,99579
"Brandon Buie2","117631","US","Atlantic",195,47,8,5,147,129,11160,2240,1.91,"A 4.67",5465,1335,1957,28661
"Galen Gidman","111824","US","Great Plains",759,60,8,9,88,227,44625,3436,4.28,"A 4.59",5460,1347,3797,66829
"Brandon Traino","38722","US","Carolina",428,81,6,7,107,189,26269,7469,2.91,"A 4.82",5458,1368,2351,45671
"Dylan Houser4","268611","US","Florida",644,162,5,5,91,298,18443,5292,3.78,"A 2.06",5455,1441,3096,58702
"Joshua Hanner","91358","US","Great Plains",1713,206,6,8,100,719,104218,13529,2.28,"A 4.88",5454,1768,10084,171151
"Damon Burnette","101947","US","Carolina",1353,111,9,9,88,482,60440,5508,3.03,"A 3.42",5452,1318,7662,119598
"Aleksi Elomaa","26256","FI","Finland",1162,255,8,6,123,656,67873,11056,2.57,"A 4.99",5449,1599,8796,143067
"Justin Laxton","118255","US","Midwest",610,115,7,6,84,290,23900,3707,2.39,"A 4.31",5447,1334,3411,51294
"Seymour Charles","35655","US","New England",257,103,3,4,99,151,12686,6240,1.63,"A 4.99",5446,1689,1288,25464
"Marco Aurelio Brasil2","248381","BR","Brazil",313,88,3,5,113,212,19475,6593,1.23,"A 4.99",5443,1225,2517,35402
"Pierre Verne","123719","FR","France",902,100,7,7,100,403,36905,3848,2.49,"A 4.99",5442,1350,6252,90047
"Brad Newman","50535","US","Carolina",1125,148,8,8,83,353,69459,8473,3.95,"B 3.52",5438,1270,4741,93531
"Paul Kusheba","33628","US","New England",2670,1156,6,5,134,1764,133157,47370,2.66,"B 2.68",5438,1372,15766,357087
"Keith Mac","35671","CA","Canada",1007,124,6,7,74,343,39867,6229,2.87,"A 4.74",5437,1362,3030,74982
"Richard Towler","16251","GB","UK and I",270,93,8,7,145,176,24267,8054,3.08,"A 3.56",5434,1779,2038,39185
"Cam Stark","129990","GB","UK and I",321,88,4,6,84,187,13506,4991,2.12,"A 4.99",5433,1228,2996,27054
"Richard Luckey","60977","US","Ohio",289,79,5,6,93,149,14851,3110,1.73,"A 4.75",5430,1696,1550,26927
"Benjamin Nelson2","151476","US","Carolina",232,36,6,8,111,106,13723,2122,2.62,"A 4.68",5428,1255,1380,25653
"Miroslav Juříček","92665","CZ","Central-Eastern Europe",389,171,2,4,79,237,14161,7867,2.77,"D 4.99",5414,1278,33,30582
"Josh Jones","30808","US","Mid-South",819,107,8,8,107,333,56885,5188,2.84,"A 4.84",5408,1384,5233,87525
"Matt Campbell","35172","US","Carolina",528,103,4,6,67,212,22606,5696,2.89,"A 4.34",5404,1491,2581,35271
"Steven Renaud","269527","CA","Canada",586,77,5,5,110,262,13113,1858,2.69,"A 1.70",5403,1350,2893,64442
"Kevin Swindell","17651","US","Carolina",314,63,7,6,106,137,11548,2072,3.11,"A 2.45",5399,1303,1516,33350
"Zach Thomas","180977","CA","Canada",170,43,6,6,94,89,5114,1265,3.87,"A 4.99",5399,1306,1022,16048
"Benjamin Truflandier","22851","FR","France",2042,394,4,7,108,1049,101776,21254,2.4,"A 4.41",5399,1334,17205,220131
"Chris L. Roberts","207306","US","Mid-South",256,98,4,4,104,170,11828,4475,1.52,"A 4.99",5397,1288,2368,26671
"Jake Brooks","84367","US","Carolina",184,52,5,5,93,96,7425,1357,3.76,"A 3.58",5396,1394,1334,17199
"Bart Hector Jr","80659","US","Northwest",1204,423,3,4,99,718,49965,20527,1.7,"A 4.58",5394,1398,5763,118860
"Logan Sheets","31796","US","Northwest",584,138,4,6,115,300,25270,5378,2.06,"A 4.10",5392,1787,1501,66900
"Adam Dock","26052","US","Texas",707,99,6,7,99,334,36714,4968,2.18,"A 4.99",5392,1417,5529,69916
"Michael Sellers","111098","US","California Club",356,65,6,6,73,144,8409,1948,3.06,"A 3.35",5379,1398,1411,26084
"Chuck Sweeting","111941","US","Florida",1451,72,8,10,110,423,135102,8214,2.95,"A 4.99",5375,1370,6765,159853
"Justin G Brooks","67199","US","Carolina",167,64,2,5,130,109,7321,3513,2.62,"B 2.35",5374,1421,1107,21755
"Bobby Cheney","92510","US","Ohio",538,24,11,9,87,148,29659,702,2.16,"A 4.99",5370,1385,2016,46977
"Joshua Hahn","27099","US","Michigan",308,87,4,5,111,183,20813,5254,1.76,"A 4.99",5360,1671,2002,34049
"James Frizzell","125451","US","Florida",417,32,8,9,102,151,31484,2150,2.68,"A 4.59",5358,1579,1869,42718
"Joe Holt","30327","US","Mid-South",1518,183,6,7,106,628,112984,16614,3.48,"A 4.24",5358,1554,10119,160712
"Jeremy Lukaszka","87850","US","Midwest",724,201,3,7,142,456,38248,11766,2.3,"A 3.83",5356,1679,7152,102816
"Jason Lofing","28188","US","California Club",229,54,5,6,127,123,13282,2952,2.42,"A 3.30",5353,1740,1707,29175
"Elmar Erlekotte","30068","DE","DE-AT-CH",290,88,3,4,107,165,13620,4396,2.26,"A 3.49",5348,1733,1584,31125
"Josh Connors","16205","US","Indiana",463,51,8,9,113,190,32629,3958,2.33,"A 4.99",5346,1478,2575,52541
"Sean Robbins","93261","US","Carolina",574,176,8,6,141,372,31465,7863,3.07,"A 2.36",5341,1570,5955,80769
"Chance Crum","66296","US","Northwest",556,72,6,7,63,174,23375,3265,3.87,"A 1.53",5339,1293,2086,35249
"Richie Hornsby","56694","US","Atlantic",531,148,4,5,105,284,20085,6626,1.63,"B 4.17",5336,1363,1512,55668
"Richard Smith5","43863","US","Texas",332,97,3,4,120,204,19502,6260,1.52,"A 4.05",5331,1830,2004,39920
"Andy Lischynski","69702","US","West",138,52,5,5,116,86,5209,1189,1.93,"A 3.85",5327,1351,639,16037
"Zach Leonhardi","83087","US","Georgia",1304,146,8,8,86,459,50032,5506,3.18,"B 2.51",5324,1274,5821,112339
"Dominic Krischke","40844","US","Florida",1127,126,8,8,87,311,74908,9749,2.08,"A 4.65",5324,2167,5341,97496
"Roger Northrop Jr","36686","US","Michigan",1399,358,4,4,110,809,54755,12983,1.36,"B 4.71",5321,1258,22,153284
"Jeremy Adams","170483","US","Mid-South",890,300,3,5,88,516,38380,15735,2.5,"B 4.74",5320,1393,4927,78236
"Ted Liette","271556","US","Ohio",321,77,4,5,110,171,7918,1912,1.94,"A 2.84",5314,1341,1827,35172
"Josh Dietz","56152","US","Mid-South",742,174,6,6,108,381,33536,8020,4.4,"B 2.64",5309,1391,4269,79857
"Graham J Bunyan","186482","AU","Australia/NZ",592,208,4,5,102,395,28880,10813,1.05,"A 4.94",5297,1279,5045,60299
"Shelvin johnson","48722","US","Carolina",581,73,5,8,96,253,37069,7340,3.02,"A 4.27",5294,1268,4176,55504
"Daltyn S. England","42058","US","Illinois",3074,507,7,8,85,1181,128940,21292,3.01,"A 2.99",5291,1336,12212,259791
"EJ ORourke","51708","US","New England",2369,237,5,8,116,949,133596,16554,3.35,"A 2.10",5290,1517,16343,274465
"Chad Pruitt","29928","US","Mid-South",1612,412,6,6,113,928,134755,38684,2.95,"A 3.83",5289,1542,12943,182407
"Todd Garren","50028","US","Carolina",1052,134,8,8,109,385,73645,7925,2.76,"A 3.40",5289,1398,5085,114547
"Bobby Sandt Jr","35068","US","Pennsylvania",918,370,4,4,110,561,46389,21844,1.51,"A 3.70",5284,2467,4840,100989
"Danton Dressler","69561","US","Pennsylvania",573,74,7,7,100,241,28432,3741,3.41,"A 4.55",5283,1367,3666,57019
"Chris Main","16538","US","Atlantic",536,81,8,8,124,265,42733,5696,3.8,"A 3.45",5283,1498,3287,66542
"Stefan Marinak","68351","US","Florida",702,61,9,8,87,210,33626,2234,3.04,"A 4.74",5280,1318,2273,60943
"Ryder Smith2","205924","US","Carolina",363,81,5,8,123,186,19301,5054,3.73,"A 4.79",5278,1471,3023,44704
"Greg Wellen","36624","US","California Club",365,103,4,6,113,207,20807,6009,1.85,"A 4.51",5278,1534,3021,41226
"Gregory McDougal II","95867","US","Carolina",232,52,5,6,108,125,16216,3674,1.59,"A 4.99",5276,1408,1653,24942
"Kyle Brummett","105047","US","Mid-South",1017,145,7,8,99,419,59212,8024,3.6,"A 4.98",5275,958,6202,101059
"Matt Kocher","109076","US","Pennsylvania",2669,591,8,7,114,1410,112046,20138,2.77,"A 2.43",5273,1366,19303,304212
"Anderson Paes","36205","BR","Brazil",380,61,4,8,105,156,23208,4904,3.41,"A 4.47",5271,1368,2707,39817
"Jeff Hollingsworth","28756","US","Carolina",1138,42,10,10,109,323,102099,3349,3.44,"A 4.72",5270,1564,5765,124428
"Zac Campbell","142748","US","Georgia",464,45,7,8,82,156,15507,2024,3.43,"A 4.39",5267,1213,2370,38265
"Joe Slama","30715","US","California Club",536,60,7,8,117,212,41628,6542,2,"A 4.72",5266,1625,4096,62448
"Justin Knoblock","71338","US","California Club",524,76,7,7,95,199,20114,2845,3.09,"B 2.63",5260,1135,2751,49951
"Brian Tedeschi","38766","US","Illinois",1042,82,7,7,94,368,46917,4236,3.19,"C 2.49",5258,1288,4270,98369
"Jarrid Boiros","53354","US","New England",256,84,4,4,115,157,12631,4725,1.07,"A 4.99",5258,1874,1180,29373
"Michael Guariglia","143851","US","Carolina",1598,109,9,9,99,509,66656,5084,2.72,"A 3.49",5254,1323,9117,158815
"Jim Shedlick","16600","US","Carolina",171,43,3,5,124,101,9932,2234,1.38,"A 4.90",5253,1542,1198,21266
"Travis Townsend","55675","US","Virginias",176,24,6,6,98,83,8239,1436,1.88,"A 4.99",5253,1671,1106,17310
"Randall Faulks","73789","US","Carolina",698,93,8,9,105,288,44747,6543,2.78,"A 4.34",5251,1333,5038,72991
"David Hutto","30576","US","Carolina",165,60,4,5,109,81,9568,3478,1.66,"A 3.90",5251,1065,839,17941
"Joe Ahlin","28242","US","West",298,44,6,6,79,91,11962,1893,2.45,"A 3.25",5250,871,1127,23440
"Brandon Hauff","74397","US","New York",2021,183,7,8,105,680,101977,8704,3.83,"A 2.62",5248,1314,9394,211814
"Joe Annunziata","42745","US","Carolina",463,17,12,9,107,125,36766,1009,3.06,"A 4.99",5243,1320,2590,49348
"Jesse Atchison","17273","US","Atlantic",1669,373,5,6,153,998,101805,26702,2.28,"A 3.22",5240,2240,14580,255928
"Adam DeBlasio","175790","US","New England",459,17,10,10,106,153,33049,873,3.86,"A 4.40",5234,1223,2525,48619
"Lewis Hewett","272849","AU","Australia/NZ",980,240,4,4,95,496,24243,6772,2.06,"A 2.42",5231,1332,4903,92623
"Kenneth Smith3","73813","US","Carolina",407,107,4,5,98,233,20560,6161,1.91,"A 3.80",5227,1441,2249,39786
"Matt McCormick","58617","US","New Jersey",2169,403,5,6,86,902,80498,17498,3.4,"B 2.46",5224,1325,7317,185560
"Jeremy B Davis","31096","US","California Club",2830,432,6,8,84,1074,134843,26490,4.49,"A 3.50",5221,1322,16634,237421
"Joe Quinn","25657","US","Ohio",823,156,6,6,120,440,51127,9492,2.08,"A 4.70",5220,1775,5938,98612
"Michael Laraia","142244","US","New England",504,124,5,6,109,289,25362,5916,2.08,"A 4.99",5218,1460,3515,54760
"Brandon McKissic","155278","US","Florida",2682,247,7,9,99,927,117305,9875,5.28,"A 3.23",5213,1252,13420,264825
"Ryan Norton","61211","US","Indiana",476,117,5,6,106,256,31907,9040,2.73,"A 4.74",5211,1814,3991,50574
"Cameron Rich","26656","US","Virginias",262,47,5,6,104,149,13638,3171,2.4,"A 4.99",5211,1449,2179,27338
"Shaun Stroud","28799","GB","UK and I",407,108,5,6,103,214,25613,8039,2.38,"A 4.31",5210,1717,3334,42116
"Carl Shedd","128496","US","Texas",1003,112,7,8,86,367,43595,5953,2.24,"A 4.06",5209,1284,5973,86385
"Chris D Miller","35795","US","Carolina",381,64,10,8,114,157,27326,3823,2.93,"A 4.36",5208,1631,2365,43497
"Adriano Pinheiroo","97413","BR","Brazil",377,133,3,5,123,258,19392,7677,1.3,"A 3.40",5207,1389,3840,46367
"Michael Main","26551","US","Virginias",1427,280,7,6,125,737,88615,15482,3.37,"A 3.75",5204,1291,11353,177886
"Johnnie Gandy Jr","20381","US","Virginias",416,104,4,4,103,190,19631,4549,3.49,"A 4.39",5202,1841,1681,42927
"John Merritt","38808","AU","Australia/NZ",227,96,3,3,109,148,8923,3994,1.83,"B 4.45",5202,1397,0,24662
"Ian Naquin","187815","US","Mid-South",692,61,10,11,96,234,45920,4965,3.6,"A 4.65",5201,1524,3191,66739
"Scott Speed","15488","US","Massachusetts",262,88,4,6,128,165,12378,4781,1.73,"A 4.06",5199,1366,1680,33558
"Gustavo Cavalcanti","175210","BR","Brazil",674,144,5,7,99,375,33056,8485,1.86,"A 4.49",5198,1273,5033,66781
"Evan Sorensen","156519","CA","Canada",868,97,8,8,80,318,33475,3929,3.66,"A 2.68",5198,1274,3626,69331
"Sahil Mustac","89985","GB","UK and I",470,38,7,9,91,159,24410,1704,2.97,"A 4.99",5195,1366,2208,42839
"Yang Ou","36214","DK","Scandinavia",86,50,2,3,123,66,6505,4464,1.83,"A 4.99",5193,1423,670,10588
"Darrin Stevens","15127","US","New England",324,138,5,6,154,220,24286,8920,1.52,"A 3.38",5192,1912,2026,49801
"Daniel Wilborn2","264084","US","Virginias",200,57,4,5,104,139,10032,3230,1.56,"A 4.99",5186,1350,2001,20700
"Matthew Moose","29610","US","New York",1364,240,7,7,121,685,120770,20808,2.18,"A 4.60",5186,1649,10063,165434
"Brandon Six","29779","US","Pennsylvania",1192,131,9,9,116,462,81016,10923,4.22,"A 2.44",5183,1573,8114,138172
"Dion Vergers","16463","NL","Benelux",156,57,5,6,136,96,10461,2361,2.3,"A 4.07",5182,1553,715,21214
"Ashton Crowder","90451","US","Carolina",236,53,7,7,80,107,7786,1849,2.49,"A 4.35",5182,1177,1380,18916
"Andrew Berger","45934","US","Pennsylvania",361,35,5,7,111,146,25585,2871,2.65,"A 3.62",5180,1960,2389,40064
"Bob King","271057","AU","Australia/NZ",453,104,4,4,91,231,10462,2715,2.18,"A 2.41",5177,1274,2298,41060
"Femi Olat","150376","US","New England",550,60,9,9,105,216,21570,2044,3.28,"A 2.92",5173,1269,3763,57641
"Chris Nosowsky","113943","US","Michigan",804,95,7,8,90,278,30006,4487,3.53,"A 3.84",5173,1303,3833,72334
"Colton Landes","142811","US","Virginias",601,35,10,11,93,192,39905,3505,4.13,"A 4.99",5172,1356,2369,56058
"Randy Hockaday","16900","US","West",897,265,3,7,131,503,49410,16881,2.64,"A 3.15",5171,1716,8075,117824
"Josh Michelmore","200172","AU","Australia/NZ",397,25,7,9,106,132,29537,1947,3.26,"A 4.34",5165,1164,1953,42268
"Billy Price","32177","US","Carolina",323,27,9,11,138,132,28356,2547,3.1,"A 2.83",5164,1974,2408,44703
"Juan E Lopez","140004","US","New York",127,33,5,5,117,64,4025,1089,3.55,"C 2.67",5162,1277,767,14867
"Shawn Colley","41921","US","Ohio",152,63,4,4,98,93,8940,3829,1.62,"A 4.99",5160,1459,931,14919
"Jameson Spies","24960","US","California Club",582,174,4,6,118,315,31679,10543,2.24,"A 2.68",5159,1691,3431,68584
"Mike Skinner","17698","US","Great Plains",395,35,5,8,111,151,34712,3979,3.3,"A 4.99",5157,1896,2314,43656
"Arrey Ati","90394","US","Georgia",955,78,8,10,111,374,62583,5082,3.07,"A 4.52",5153,1596,6242,105576
"Landon Huffman","48985","US","Carolina",772,82,8,8,91,288,47692,5131,3.43,"A 3.18",5152,1448,3762,70259
"Richard Hollyday","113258","US","Carolina",1060,211,6,7,103,543,49192,9345,2.82,"A 4.44",5150,1343,5385,108950
"James Avalos","65453","US","Virginias",593,53,4,9,96,217,33607,3797,2.77,"A 4.89",5148,1635,4319,56912
"Travis Schaefer","117289","US","Midwest",693,74,12,10,104,236,68704,5884,3.24,"A 4.06",5147,1411,2972,71769
"Bryan Saxe","147735","US","Midwest",295,206,3,4,81,240,10559,8361,2.17,"B 4.47",5141,1350,110,24018
"Robin Williams","15601","US","Virginias",544,55,9,9,133,224,53411,4281,2.51,"A 4.47",5139,1686,3756,72247
"Brandon Pipgrass","121248","US","Mid-South",1343,87,8,9,86,398,64576,5035,3.49,"A 2.57",5138,1203,7019,115669
"Jason Yott","29304","US","Carolina",838,52,8,9,107,233,52543,3266,2.7,"A 4.31",5136,1933,4941,89649
"Shane Walters","39542","US","Great Plains",850,233,6,5,116,509,62855,14969,2.74,"A 3.60",5134,1461,7347,98270
"Paul R Williams","57421","US","Illinois",341,52,6,7,99,167,19606,3889,1.96,"A 4.99",5132,1329,2346,33699
"Brandon M. Thrasher","26661","US","Mid-South",2050,306,6,8,102,946,94770,18413,3.17,"B 1.04",5131,1285,11316,208968
"Brian McCann","42943","US","Carolina",433,34,8,7,112,172,26671,1878,2.58,"A 4.99",5131,1202,2685,48296
"Victor Del Porto","90796","BR","Brazil",475,95,5,6,98,258,22587,5014,1.72,"A 4.99",5128,1362,4051,46458
"Jonathan Dalrymple","185431","US","Ohio",439,77,5,6,84,200,24761,6173,2.21,"A 4.93",5126,1342,3157,36957
"Tyler Groff","81813","US","Pennsylvania",904,84,11,9,98,323,55156,5006,3.5,"A 4.41",5122,1336,5053,88169
"Gary Smith2","20016","CA","Canada",544,214,3,4,120,345,24044,9431,1.74,"A 3.58",5114,1893,2759,65177
"Brandon Williamson","27063","US","Georgia",690,151,8,7,115,318,31891,5513,2.42,"A 3.25",5112,1325,3649,79285
"Austin Johnson","71228","US","California Club",406,59,5,7,95,182,26228,4917,2.76,"A 3.13",5111,1321,2593,38608
"Richard Webster","22192","AU","Australia/NZ",443,138,3,4,112,277,42065,14802,2.07,"A 4.63",5109,1780,2737,49635
"Robert Hall","23170","US","Georgia",776,144,10,9,127,382,63379,9567,2.19,"A 4.91",5108,1314,6058,98588
"Salvatore Lombardo","23506","US","Indiana",121,63,2,4,109,84,7959,4941,2.06,"A 4.99",5108,2534,1118,13200
"Luke McLean","18209","AU","Australia/NZ",261,105,3,5,129,171,15628,6160,3.21,"A 2.83",5106,1839,1424,33660
"Jared Duda","178233","US","Midwest",394,78,4,6,85,198,15592,3716,5.19,"C 2.79",5106,1288,2092,33314
"Del Mears","17157","US","Mid-South",548,104,7,7,114,257,46530,8408,4.2,"A 4.49",5106,1528,3994,62277
"JAY BEASLEY","31301","US","West",1789,372,6,7,102,813,65473,16538,2.88,"A 2.26",5105,1317,9804,183366
"Jacob Linkiewicz","134857","US","Illinois",339,55,5,5,94,170,16260,2790,3.45,"A 2.12",5104,1358,1736,31853
"Tony Repussard","37921","FR","France",869,89,8,8,121,376,38551,3470,3.02,"A 4.48",5096,1293,6413,104875
"Nick Furler","113004","CA","Canada",1185,222,7,8,101,538,76274,19723,2.5,"A 4.72",5091,1388,7083,120127
"Eric Brundies","68053","US","Midwest",250,42,5,6,114,128,16968,2676,2.06,"A 4.78",5090,1350,1792,28480
"Brandon Wilkinson","52934","US","New England",2566,264,8,8,60,693,95942,11327,4.27,"B 3.68",5087,810,7905,153739
"Austin Espitee","80719","US","New England",1434,167,7,9,60,494,56214,9737,3.7,"A 4.99",5087,1204,7729,86040
"Corey A Wolf","22569","US","New York",750,70,9,8,107,272,54011,3885,2.88,"A 4.99",5085,1588,4688,80486
"Travis Sollenberger","30983","US","Pennsylvania",683,73,8,8,87,205,37094,4077,3.06,"A 4.91",5084,1925,3280,59532
"Michael Fulcher","55067","AU","Australia/NZ",263,83,3,4,90,146,7571,1994,1.41,"A 3.66",5084,1328,1197,23595
"Andy Shuck","32919","US","Indiana",402,69,5,6,78,161,20063,4102,2.13,"A 4.41",5084,1682,1772,31320
"Bryce Fauntleroy","26259","US","Mid-South",629,112,5,8,96,260,23119,5192,2.83,"A 3.95",5084,1559,2563,60119
"Jeff Ramsdell","45220","US","Georgia",1870,163,9,8,75,561,96517,8072,3.77,"A 3.26",5081,1500,8348,140509
"Andre Castro","83741","US","New York",1021,224,5,7,124,540,41247,11030,3.48,"B 2.79",5076,1350,8623,126448
"Keith Plaza","66403","US","Carolina",636,78,10,7,113,272,28366,2770,3.77,"C 2.39",5070,1217,4474,72100
"Jason Brown2","25716","US","Pennsylvania",265,44,6,6,104,107,14822,2004,1.85,"A 3.10",5069,1489,1181,27520
"Phil Juhring","77364","US","New Jersey",639,129,6,7,116,344,44490,8589,2.34,"A 4.56",5066,1447,5283,73897
"Pedro Mega","42808","US","New Jersey",1300,90,11,10,93,377,65443,5405,4.16,"B 2.46",5064,1526,7152,121180
"Seth Whitaker","103867","US","New York",675,20,10,10,82,174,47775,1139,4.14,"A 4.50",5062,1431,2356,55574
"Brandon Holder","30754","US","Mid-South",3361,366,7,8,77,1136,169720,23939,3.29,"A 4.07",5057,1424,18931,260301
"Roland Ehnström","50060","SE","Scandinavia",102,22,4,7,127,58,8605,2311,2.15,"A 3.63",5056,1838,685,12998
"Trevor Edwards2","246137","US","Mid-South",193,62,7,6,105,110,10526,3167,2.63,"A 4.66",5056,1293,1560,20308
"Henrik Carlsson","29891","SE","Scandinavia",312,80,5,6,106,173,24051,6402,2.46,"A 4.99",5053,1482,2001,33036
"Dalton Tucker","71360","US","Georgia",580,66,7,7,81,196,23542,2683,3.83,"A 3.60",5049,1416,2928,46903
"Logan Clampitt2","205024","US","California Club",164,84,4,3,113,130,5710,2810,1.77,"C 3.43",5047,1286,1116,18506
"Davey Scovel","50483","US","California Club",321,44,10,7,87,110,10097,1171,3.25,"A 2.30",5040,1298,1494,27911
"David Bodio2","270587","US","New England",171,64,3,4,106,105,4902,1988,2.51,"A 3.53",5040,1335,967,18123
"Cyril Nousbaum","46099","FR","France",562,185,5,6,122,360,37211,11950,2.17,"A 3.42",5038,2324,4734,68292
"Jean Costa","17989","US","New Jersey",493,80,6,8,115,198,37686,4757,3.41,"A 3.37",5035,997,2776,56863
"Robbie Johnston","43737","US","Mid-South",323,46,6,6,66,113,12005,1959,2.4,"A 4.50",5033,1589,1421,21303
"Bobby Terrell","16023","US","Mid-South",411,34,5,6,108,184,26258,2673,2.45,"A 4.57",5030,1812,2698,44333
"Matthew Largen","58532","US","Virginias",731,65,7,8,110,289,41477,4556,2.92,"A 4.56",5030,1373,4920,80338
"Andrew Faryniarz","251691","US","New England",485,63,7,8,104,228,25070,3651,2.26,"A 4.35",5025,1283,3555,50552
"Bill Ahrens","268758","US","Pennsylvania",481,95,4,5,91,200,12302,2461,2.52,"B 3.56",5025,1531,2259,43563
"Matthew McKinney","97392","US","Illinois",120,43,4,5,103,68,3352,1394,2.13,"A 3.27",5024,1350,689,12300
"Tyler Dean Hudson","28783","US","Mid-South",55,41,3,2,167,50,2488,1318,1.02,"D 4.99",5024,1381,466,9191
"William Green","66276","US","New York",648,12,17,12,110,102,67429,459,3.79,"A 4.99",5017,1601,1761,71007
"Mark Maffet","78602","US","New Jersey",1268,231,3,7,110,667,68304,13402,1.65,"A 4.99",5017,1402,11657,139649
"Jesse Murphy","88471","US","Ohio",796,76,6,8,92,304,57126,7701,3.96,"A 4.49",5015,1832,5337,73161
"Chad Hubbell","43435","US","Pennsylvania",96,51,1,3,121,71,4703,2817,1.33,"B 4.99",5013,1442,478,11643
"Rob Larkin","18376","CA","Canada",199,47,4,4,99,126,6923,1772,2.26,"A 3.28",5013,1242,596,19786
"Jonathan D Goke","117411","US","International Club",453,163,5,7,113,261,21671,7680,2.99,"A 4.81",5012,1390,4259,51345
"Kenneth Moreland","186476","US","Texas",1065,65,7,9,83,338,56455,4727,3.59,"A 3.41",5005,1411,6141,88355
"Wesley Fulford","186060","US","Georgia",202,96,2,3,90,166,7982,4457,2.89,"D 4.20",5003,1350,0,18181
"Lance Nasseir","49893","CA","Canada",881,54,9,9,87,288,61005,4022,4.38,"A 3.11",5003,1312,4238,77007
"Scott Mann","43870","US","Northwest",236,91,4,4,81,137,12309,6267,1.45,"A 4.85",5002,1471,1342,19149
"Alex Monteferrante","32496","US","New Jersey",636,48,9,8,97,192,23647,1223,3.62,"B 2.85",4998,1312,3117,61972
"Santiago Tirres","179758","US","Carolina",869,147,7,8,113,393,50734,9002,2.97,"A 2.85",4998,1264,6457,98154
"Jake Griffin","96355","US","Mid-South",1199,136,8,8,70,381,46805,6422,4.07,"C 2.42",4991,1236,4662,84239
"Ken Wilborn","132011","US","Georgia",508,61,3,8,101,213,13002,3099,2.5,"A 4.74",4990,1402,3058,51079
"Jim Caudill Jr.","17695","US","Mid-South",411,93,5,7,146,241,29630,7233,2.18,"A 3.50",4989,1989,2869,59881
"Anthony Roselli","25944","US","New Jersey",286,17,13,10,101,75,20277,864,3.09,"A 3.30",4989,1190,876,28974
"Brian Mellendorf","29540","US","Illinois",129,20,9,5,121,67,8965,925,1.65,"A 4.99",4989,1868,1013,15670
"Dustin Dougan","256268","US","Great Plains",149,40,4,4,107,80,4200,1140,1.86,"A 2.90",4989,1403,826,15969
"Jason K Miller","120443","US","Mid-South",1327,31,12,10,90,246,113259,2165,2.77,"A 4.52",4987,1402,4436,118994
"Brandon Coppinger","43258","US","Mid-South",1254,67,12,10,130,351,104653,4688,4.48,"A 3.26",4986,1312,6042,163082
"Adam Elby","80993","US","California Club",429,49,6,6,78,148,12798,1713,3.22,"A 1.54",4984,1303,1464,33299
"Scoot Johnson","63092","US","Carolina",1381,117,9,9,95,476,104938,6969,3.28,"A 4.45",4982,1377,8828,130971
"Delonta' Ballard","86570","US","Virginias",450,28,10,10,91,135,30193,2626,3.69,"A 3.49",4982,1365,2510,40937
"Arthur Lucas","15724","US","Virginias",331,51,7,7,117,146,26631,4307,3.05,"A 4.99",4978,2397,2584,38736
"Mate Lorinczy","88587","HU","Central-Eastern Europe",572,96,6,8,101,284,34803,5162,2.6,"A 4.00",4978,1329,3932,58054
"Riley Stenjem","173787","US","Midwest",1573,335,6,6,97,796,65142,14756,4.41,"C 2.03",4974,1431,8775,152953
"Arron Maspero","16549","GB","UK and I",184,27,6,7,112,99,15207,2288,2.7,"A 4.28",4974,1990,1090,20527
"Troy Eddy","111813","US","Atlantic",760,120,4,7,95,378,37763,7201,1.63,"A 4.99",4969,1465,5696,71988
"Mitchell Hunt","23939","US","Carolina",1064,224,7,10,118,513,74124,17404,3.41,"P 4.50",4968,1644,8334,125850
"Samuel Harris","126777","US","Pennsylvania",1919,118,10,10,91,608,104402,5302,3.21,"A 4.69",4966,1434,9423,174235
"Adam Peter","17777","US","Illinois",165,38,6,6,105,82,10431,2984,2.21,"A 4.99",4966,1544,1275,17311
"David Burns","42516","US","West",436,88,4,5,94,178,17726,4056,2.18,"B 4.93",4964,1369,32,40840
"Francesco Rizzi","79429","IT","Italy",614,122,4,6,111,321,28932,6261,2.13,"A 4.77",4963,1376,3881,67930
"Darrell Hamlin","147566","US","Virginias",212,49,3,4,104,122,12085,3262,1.98,"A 4.48",4963,1672,1181,22152
"Brandon Wilson","205013","US","Carolina",347,95,4,6,109,196,12873,3978,3.54,"B 3.49",4963,1350,2292,37939
"Brandon Hauck","83493","CA","Canada",567,148,5,8,119,295,34765,9115,2.75,"A 3.27",4960,1811,3509,67667
"Tyler Burgess","40443","US","Mid-South",776,108,6,7,101,294,34754,5432,2.69,"A 1.59",4951,1317,2800,78141
"Brad Patton","41210","US","Ohio",2309,423,9,8,111,1031,118181,18586,3.8,"A 2.23",4949,1527,16849,255536
"Kyle J Gottula","23655","US","California Club",1332,315,6,6,113,680,73327,12475,3.15,"A 4.99",4948,1660,6527,150486
"Jeffery Mays","82052","US","Mid-South",215,36,4,6,97,112,12435,3523,2.25,"A 4.29",4940,1932,1630,20936
"Tyler Dalton","59410","US","Carolina",605,55,5,7,99,213,30826,4017,2.75,"A 4.34",4936,1739,3489,59760
"Kyle Crump","63058","US","Michigan",973,159,8,8,126,447,52816,6951,4.01,"A 1.40",4922,1411,6068,122134
"James M Linkiewicz","169102","US","Indiana",375,114,4,5,113,239,15062,5438,3.9,"B 2.33",4918,1288,1567,42250
"Robin Esterson","44747","US","New York",1387,74,9,9,57,327,51541,2614,3.59,"A 4.37",4916,1215,4720,78852
"Bobby Roberts","19828","US","Carolina",670,117,4,5,80,244,33770,6556,2.66,"A 4.97",4914,2006,2061,53744
"Martin Miller2","97012","US","Mid-South",200,28,5,7,91,89,15847,2914,1.6,"A 4.99",4913,1756,1184,18109
"Alex Warren","33194","US","Illinois",1464,177,8,9,113,576,90153,9926,2.25,"A 3.40",4913,1642,8858,165947
"Massimiliano Rizzi","76362","IT","Italy",618,50,5,8,89,199,27539,2785,3,"A 4.85",4912,1458,2441,55163
"Bill M Martin","176819","US","Midwest",134,45,6,4,110,85,6009,2033,2.86,"A 3.57",4911,1350,727,14746
"Ian Blanchard","66928","CA","Canada",420,102,6,6,89,180,22402,5208,2.52,"A 3.23",4910,1577,1875,37528
"Nick Galigan","264714","CA","Canada",128,41,4,6,117,72,6799,2558,2.63,"A 3.30",4909,1297,1209,15008
"Roy Elliot","144552","US","Ohio",381,58,9,7,89,167,16535,2657,5.08,"A 2.77",4908,1379,2096,34077
"Vinnie Sansone","20851","US","Illinois",2108,602,7,6,124,1306,143905,30521,2.09,"A 4.99",4901,2118,13428,260484
"Steve Linder","87713","US","Ohio",300,47,4,6,84,135,12419,2132,1.77,"A 4.80",4900,1836,1269,25176
"Nathan Lyon","43417","US","Great Plains",282,70,5,7,77,123,15493,4626,3.36,"A 4.88",4900,1607,1607,21767
"Justin Rowden","125218","US","Great Plains",1564,151,8,9,79,558,58032,4971,2.9,"A 3.61",4898,1136,8811,123426
"Derek Justis","119966","US","Mid-South",219,133,1,3,95,179,7748,5422,1.6,"D 4.99",4897,1360,97,20804
"Shane Dougherty","73755","US","Midwest",2092,200,7,8,105,850,118204,13100,2.81,"A 3.86",4896,1416,11825,220440
"Marco Jonkers","201228","NL","Benelux",129,87,1,2,97,111,3571,2751,1.3,"D 4.99",4893,1290,14,12509
"Chad Cole","30088","US","Midwest",190,37,6,5,112,107,9112,1570,1.47,"A 4.99",4891,1365,1077,21262
"Simo Leppänen","62518","FI","Finland",725,38,6,9,80,233,35148,2396,3.34,"A 3.40",4891,1516,3503,58343
"Mike Skarbowski","25630","US","Pennsylvania",160,58,5,3,111,99,7153,2145,1.67,"A 3.98",4891,1399,937,17680
"Cody McCawley","72964","US","Mid-South",813,139,7,8,80,324,41787,8097,3.35,"A 3.23",4890,1395,4544,65401
"Dylan Fitzpatrick","142754","US","Mid-South",733,111,6,8,96,351,34365,7023,2.55,"A 4.76",4890,1310,5042,70671
"Cole V Cabre","48893","US","Florida",3712,495,9,8,66,1317,121824,19327,3.62,"A 1.43",4888,1145,14784,246483
"Brett Jones","31843","US","Indiana",757,123,6,8,82,313,30401,6027,2.91,"A 4.08",4887,1315,4297,61928
"Dylan C Jones","103293","US","Midwest",1565,184,10,9,126,683,111182,8075,3.28,"A 2.25",4887,1308,9870,196752
"Tyler Shadduck","63750","US","California Club",949,332,4,5,96,541,37615,16800,1.93,"A 4.99",4880,1948,1658,91044
"James Zimmermann","35290","US","New York",112,56,2,3,114,76,5136,2927,1.13,"B 4.99",4878,1912,774,12757
"Thomas Hazard","16003","US","Midwest",774,266,7,6,151,495,53955,14258,2.83,"C 2.64",4875,1636,5236,117056
"Lewis Crisp Jr","91685","US","Virginias",493,98,4,5,89,267,24472,5932,1.65,"A 4.52",4874,1627,2321,43842
"Bentley Glaser","22085","US","Midwest",3358,377,8,8,80,1084,185931,24982,3.73,"B 2.35",4868,1351,16196,267193
"Derick Walker","160711","US","California Club",413,63,5,8,68,140,12087,2353,2.88,"A 2.54",4867,1229,1734,28117
"Peter Bennett","73446","US","Connecticut",1304,150,10,9,109,508,85211,7830,4.4,"P 2.29",4867,1287,8398,141559
"Paul R Evans","96993","GB","UK and I",422,150,3,5,69,227,12514,6463,1.86,"C 4.93",4867,1327,5,29097
"Anthony Price2","116112","US","Virginias",612,200,3,6,116,382,46200,18848,2.16,"A 4.99",4866,1334,4831,71115
"Jacob Adler","23351","US","West",207,30,6,7,124,83,17788,3329,3.07,"A 2.31",4866,1720,924,25602
"Alex Crapser","121001","US","Midwest",1387,238,5,5,112,790,60681,10527,1.96,"B 1.64",4866,1341,8190,154691
"Camaron Hamilton","25065","US","Mid-South",280,49,5,6,79,105,13249,3303,2.35,"A 4.65",4864,1333,1368,22237
"Toni Helminen","133182","FI","Finland",450,48,4,8,82,165,20252,3615,2.44,"A 4.99",4862,1222,2576,36805
"Alex Scribner","17883","US","Texas",1418,91,11,10,108,455,106044,7085,3.53,"A 4.55",4862,1672,7832,153491
"Wahaab Tahir","151774","US","New York",1458,175,6,9,80,487,58209,10279,3.39,"A 3.34",4858,1363,8545,116222
"James Howard","17179","US","Mid-South",319,70,5,7,100,152,21011,4515,3.75,"A 3.74",4856,1530,2228,31879
"Jordan Werth","77390","US","Florida",2643,566,6,7,127,1447,134500,29164,2.39,"A 4.61",4854,1331,22279,336025
"Samuel Roush","119014","US","West",813,46,11,10,70,203,49373,2717,3.63,"A 4.98",4852,1233,3094,56609
"Pebst Augusta","120505","NO","Scandinavia",4673,569,6,8,78,2026,214780,36395,1.42,"A 4.99",4852,1235,29993,366565
"Eric Sabol","73148","US","Pennsylvania",201,23,7,7,95,88,9195,1153,1.6,"A 4.64",4849,1238,1182,19118
"Kevin Tourigny","23909","US","New England",862,159,5,6,70,325,36002,7402,2.44,"A 4.95",4848,1723,2697,60587
"Brandon Salvatore","45248","US","Georgia",271,57,4,6,87,114,17709,5259,2.32,"A 4.60",4844,1710,1178,23501
"Austin Lamberth","76993","US","Mid-South",1600,320,6,7,109,795,76292,16701,3.68,"A 1.23",4839,1321,13050,174842
"James Zachary Floyd","87772","US","Mid-South",1390,184,7,8,87,509,62874,7569,3.91,"A 3.39",4837,1396,7133,120838
"Vincent D Davis","148723","US","Illinois",418,29,8,11,118,122,36196,1851,3.37,"A 4.99",4837,1332,1880,49504
"Scott E Hedrick","256680","US","Ohio",186,86,4,5,83,125,4743,2502,4.25,"D 4.43",4835,1354,386,15375
"Changyoun Kim","18067","KR","Asia",401,62,8,8,97,195,27062,3801,2.91,"A 4.99",4831,1656,2546,39064
"Zach A Hudson","30907","CA","Canada",832,23,13,10,110,189,50876,1648,2.99,"A 4.77",4831,1456,3648,91381
"Andrew Van Cleef","44042","US","Carolina",494,27,5,6,89,143,23349,1691,1.5,"A 4.99",4831,1986,869,44009
"Dylan Brockwell","98176","US","Virginias",839,147,6,8,86,371,27086,5410,3.12,"A 2.72",4826,1278,4758,72447
"Fred Lampela","71551","US","Midwest",455,167,2,4,104,268,20151,9435,1.91,"A 4.11",4822,1754,2463,47380
"Alex Bergeron","113861","CA","Canada",2263,333,7,8,98,990,89739,12279,3.49,"P 2.60",4818,1443,13997,220793
"Jacob Schneider","43402","US","Florida",1060,68,9,10,85,267,74362,3561,4.49,"A 4.30",4817,1440,3903,89765
"Corey Riley","33062","US","Virginias",120,43,3,4,115,72,6639,2938,1.08,"A 4.99",4814,2143,833,13787
"Larry Scott Jr","69870","US","Mid-South",423,72,7,7,108,209,31766,6196,3.52,"A 4.01",4813,1595,3386,45829
"Blair Mckinlay","17355","NZ","Australia/NZ",210,53,5,5,80,99,6308,1478,2.59,"B 4.99",4809,1337,764,16855
"Joey Israelson","43526","US","New England",1100,87,7,9,107,376,59122,4924,4.18,"B 2.54",4806,1337,4698,117768
"Jeremy Davis","25294","US","New England",212,47,6,5,96,100,9465,2159,2.34,"A 4.65",4804,1924,962,20374
"Cale Gale","18392","US","Carolina",176,70,5,5,114,110,8562,3328,2.2,"B 3.46",4803,1378,1151,20036
"Joseph Gulotta","64504","US","New York",925,122,8,9,87,327,46081,6345,4.5,"A 3.36",4801,1357,4371,80835
"Jakub Brzezinski","247681","PL","Central-Eastern Europe",207,76,5,6,109,131,9527,2348,2.73,"A 4.15",4801,1289,1875,22530
"Tristan Combs","108904","US","Virginias",361,27,9,9,86,115,22391,2168,3.35,"A 4.99",4800,1445,1862,30901
"Nicholas Johnston","175893","US","Carolina",441,79,11,9,126,222,26048,3417,3.57,"P 2.01",4797,1561,2933,55728
"Blaze Crawford","228088","US","Georgia",947,153,6,7,67,360,29857,5543,4.08,"A 2.78",4796,1148,2819,63015
"Bryan Fricke","118306","US","West",1383,90,12,10,75,387,79659,3219,2.81,"A 4.30",4795,1311,4765,103240
"Devin Smrekar","40451","US","Midwest",803,92,8,8,94,290,31042,4295,3.72,"A 2.55",4792,1387,4384,75874
"Mike Kirby","75135","US","Mid-South",897,103,6,6,82,323,41672,5881,1.93,"A 3.24",4790,1359,2903,73996
"Scott Eckrich","43977","US","Illinois",331,68,7,8,79,128,15856,3602,3.46,"A 4.82",4789,1616,1772,26135
"Joe Nathan","196089","US","West",664,63,8,8,103,246,44023,3706,3.16,"A 3.46",4789,1295,3512,68465
"Leighton B Sibille","143154","US","California Club",1314,104,8,8,91,435,60297,4866,3.36,"A 3.46",4788,1513,7181,119773
"Tommy Rhyne","16638","US","Carolina",568,28,9,9,122,170,48255,1672,3.11,"A 4.64",4783,1393,2822,69518
"JR Smith","190656","US","Texas",916,85,8,8,97,350,39274,5244,3.46,"A 4.34",4780,1070,5084,88812
"Cory Brown","65812","US","Carolina",698,58,10,10,82,201,55260,4009,3.09,"A 4.99",4780,1173,2916,57467
"Isaac Gann","164714","US","Ohio",527,206,4,6,112,344,22936,9339,2.57,"A 3.33",4780,1284,5362,58982
"Tim Doyle","15614","US","Atlantic",575,241,4,5,115,376,40806,18886,1.54,"A 4.99",4778,1325,5185,66230
"Garrett Mashburn","192654","US","Great Plains",458,82,5,6,82,201,18599,3928,2.3,"A 4.99",4773,1272,2590,37375
"Matthew Wright2","46206","US","New York",3175,472,7,7,127,1575,164149,22566,3.38,"A 1.62",4770,1718,24664,404521
"Shane Williamson","87821","US","Mid-South",1480,283,6,7,91,725,68915,13357,3.38,"A 1.05",4770,1621,10262,134833
"Dillon Pettus","15794","US","Mid-South",322,133,3,4,116,203,15737,5598,1.73,"A 3.58",4768,1485,1987,37213
"Tim Vesh","46700","US","Atlantic",864,137,7,6,112,370,47896,6513,2.35,"A 2.30",4766,1603,3635,96961
"Adam Burley","131942","US","New York",738,111,7,7,103,347,57178,9217,3.21,"A 4.69",4764,1371,5321,76014
"Adam Aenchbacher","30520","US","Georgia",453,75,5,7,95,210,33669,7095,3.25,"A 4.98",4763,1386,2788,43260
"CJ LaVair","30130","US","New York",2331,286,7,7,99,896,107618,12763,2.37,"A 4.99",4761,1694,8510,230128
"Danny Kemp","24086","US","California Club",553,81,5,6,98,223,28447,4196,2.62,"A 4.82",4760,1454,2476,54048
"Devon Janikowski","85798","US","Midwest",686,63,8,8,98,238,26288,2546,3.11,"A 2.26",4758,1439,3302,67339
"Carl Taylor","17132","US","Mid-South",1180,181,9,7,118,551,76864,9442,2.54,"A 4.17",4758,1438,9326,139816
"Trey McKinney","68770","US","Carolina",713,105,7,8,100,269,33139,5108,3.28,"A 4.29",4756,1298,4517,71191
"Carson Downs","31831","US","California Club",896,71,9,8,98,323,47153,3269,3.33,"C 2.52",4753,1482,4960,87508
"Phillip Cecil McCandless","96596","US","Carolina",842,217,6,6,101,438,36466,9515,2.12,"A 3.80",4753,1519,5351,85050
"Brenden Queen","38067","US","Virginias",787,148,9,8,83,320,36100,7271,3.75,"A 2.45",4753,1376,2911,65560
"Steven Gilbert","27915","US","Mid-South",1454,249,11,10,123,627,131264,23270,3.38,"A 4.99",4752,1782,10078,178858
"Brandon Buie","56846","US","Atlantic",1776,290,11,8,137,849,127411,12475,2.47,"A 4.43",4752,1400,14979,242627
"Justin Lisonbee","149073","US","West",880,139,7,7,70,338,30490,5200,3.02,"A 3.91",4749,1179,3507,61789
"Grant Ryals","196824","US","Florida",177,53,4,5,91,89,5291,1841,2.76,"A 2.20",4747,1323,832,16156
"Ronnie Royal","64534","US","Carolina",344,13,7,9,95,105,24797,1172,3.15,"A 4.99",4746,1935,2255,32704
"Andy Trupiano","218538","US","Michigan",849,146,6,6,94,431,40958,7688,2.15,"A 3.16",4744,1285,4951,79797
"Chad Presnall","96938","US","Texas",1360,87,6,9,86,382,49126,4654,4.37,"A 2.66",4743,1346,5282,116853
"Shane Miller","47775","US","Carolina",778,163,10,10,139,376,69545,11020,3.12,"A 4.46",4742,2031,5640,107944
"Doy Woods","18054","US","Georgia",664,63,7,8,115,255,46365,5266,2.86,"A 4.37",4742,1428,4382,76422
"Jason Loy","17281","US","New England",253,33,5,8,104,92,13849,1859,2.61,"A 4.99",4734,1641,1795,26244
"Brad Wright","18144","US","Carolina",1090,197,7,7,120,501,74987,14513,3.03,"A 3.41",4729,1587,6756,130481
"Jonathan M Smith","185940","CA","Canada",546,39,9,11,104,170,47968,2739,4.65,"A 3.57",4729,1237,2670,56953
"Joni Bäckman","54448","FI","Finland",567,68,8,8,97,204,32184,3096,3.62,"A 3.46",4728,1354,3110,54826
"Eric  Mauriello","39238","US","New Jersey",108,33,5,4,109,65,5764,2332,1.94,"A 4.99",4727,2035,563,11727
"Brett Jayne","31207","US","California Club",905,224,4,4,83,391,33953,8793,2.38,"C 4.55",4726,1279,3113,74776
"Josh Zirin","272262","US","New York",221,32,6,7,108,103,9481,1185,3.17,"A 4.30",4722,1286,1908,23771
"Dustin Lengert","46431","US","Canada",297,61,7,8,103,121,17702,3444,4.1,"A 2.57",4722,1504,1638,30496
"Alexander Abraham","83998","DE","DE-AT-CH",505,45,10,8,81,194,29288,2000,2.61,"A 4.83",4720,1244,2886,40881
"Seth Geary","243919","US","Florida",782,66,8,7,83,229,27887,2102,2.89,"A 4.43",4718,1340,3478,65092
"Zachary Phillips","85021","US","Atlantic",947,55,10,9,107,334,38587,2000,2.71,"A 3.25",4718,1316,5693,101035
"Chad Harnar","44782","US","Mid-South",812,78,8,9,98,305,56776,5815,2.74,"A 4.92",4715,1396,5370,79597
"Gonzalo Torres","93193","US","West",625,47,12,9,106,226,32289,1288,3.12,"A 4.29",4714,1301,3414,66147
"David Jaques","21921","CA","New York",455,76,4,5,98,227,25354,5053,2.61,"A 3.78",4714,1731,2743,44711
"Nick Northrop","158478","US","Northwest",1250,125,10,9,102,486,51390,3964,3.18,"A 2.16",4714,1334,7941,127546
"Guillermo Alvarez","159933","MX","Hispanoamérica",672,36,10,9,93,202,43880,1644,2.67,"A 4.99",4714,1386,3268,62637
"Wes Propst","17109","US","Virginias",451,23,9,7,80,119,31577,1550,2.45,"A 4.84",4711,1632,1801,35866
"Bryce Senesac","58359","US","Indiana",551,24,9,7,87,158,25190,1012,3.05,"A 3.13",4711,1340,2179,48155
"Charlie Foster","55867","US","New England",1369,206,7,9,112,576,80266,12642,3.71,"A 2.20",4710,1600,9255,153031
"John Paquin","40480","US","Indiana",93,52,2,4,104,69,6432,4207,1.04,"A 4.99",4710,2049,881,9661
"Tony Ball","89619","US","Florida",551,52,11,9,69,174,20668,2311,3.62,"A 2.73",4710,1369,3122,38085
"JW Wilson","91936","US","Great Plains",831,87,7,8,55,241,29772,2874,1.88,"A 4.99",4709,1593,3659,45585
"Jamie Holiday","127061","US","California Club",172,31,6,7,131,80,5098,873,2.95,"B 3.63",4709,1304,1154,22520
"D Neill","39500","US","Carolina",105,68,3,3,122,80,4813,2905,1.72,"B 3.66",4706,1404,431,12766
"Jeff York","31224","US","West",1773,118,7,8,61,459,99668,6761,2.72,"A 4.99",4703,1340,6306,107473
"Brian Day","16587","US","Mid-South",975,140,8,10,115,420,69862,9234,2.87,"A 4.17",4702,1630,7591,112148
"Scott Price","280366","US","Virginias",85,42,8,6,137,64,3165,1191,2.18,"A 2.35",4701,1306,897,11679
"Martin Thiemt","16889","DE","DE-AT-CH",562,174,5,5,118,325,44715,15179,3.21,"A 4.65",4701,1921,4516,66516
"Matt A Kingsbury","98898","US","New England",929,153,6,8,93,398,54277,10869,3.75,"A 3.55",4698,1422,6142,86152
"Matt DiBenedetto","28534","US","Carolina",305,76,7,6,125,168,16158,3503,1.9,"A 2.40",4693,1310,2657,38243
"Matt Bontempi","45261","US","New York",4432,289,8,9,78,1327,201843,14523,3.49,"A 3.31",4690,1400,17553,343490
"Patrick Fogel","16974","US","Pennsylvania",1096,174,9,8,131,488,73642,12073,3.78,"A 2.09",4689,1652,6475,143504
"Johnny Hodge2","237379","US","Mid-South",174,32,4,4,99,97,7500,1624,1.63,"B 3.59",4689,1298,948,17168
"Kevin Neidhart","33347","US","Florida",493,88,4,5,90,188,20346,3788,1.45,"A 4.99",4689,1520,214,44521
"Justin Michael","175503","US","Virginias",376,70,6,9,109,166,19982,3158,3.04,"A 2.79",4688,1305,2567,41097
"Riccardo De Nuzzo2","197817","IT","Italy",98,27,4,6,113,67,6436,1204,1.46,"A 4.83",4688,1341,800,11079
"Giovanni Mungin","26235","US","Pennsylvania",172,54,4,5,113,104,10724,3214,2.2,"A 3.55",4688,2988,1264,19421
"David Holak","21048","US","Indiana",83,43,2,4,114,58,4616,2441,1.01,"A 4.99",4688,1618,702,9488
"Ray Farlow","63259","US","Carolina",846,119,4,6,89,327,45633,6913,1.73,"A 3.71",4686,1967,3605,75577
"Kenneth Decker","17998","US","Illinois",568,96,4,7,108,243,45024,10752,4.27,"A 3.81",4686,1395,2964,61103
"Kollin Keister","88718","US","Atlantic",2220,823,4,6,135,1362,98383,38040,3.07,"A 2.20",4684,1506,17590,300468
"Alex Kan","33381","RU","Central-Eastern Europe",2840,775,4,6,100,1590,184385,48990,2.89,"A 3.64",4681,1402,20509,283155
"Stephanie Lessentine","69763","US","West",255,31,8,9,93,86,21651,2407,2.31,"A 4.40",4681,1892,1259,23835
"Austin J Yarbrough","184376","US","Georgia",1963,453,5,7,104,1003,77296,20032,3.69,"A 2.22",4681,1333,12591,203452
"Caleb Shelton","41324","US","Indiana",578,120,5,5,100,300,30287,6338,2.35,"A 4.11",4680,1721,3610,57580
"Trevir Camp","41103","US","Pennsylvania",215,18,6,7,85,73,7884,567,2.63,"A 3.52",4676,1541,763,18323
"Kyle J Donahue","37263","US","Great Plains",1380,211,7,8,81,559,50945,9843,2.68,"B 2.89",4676,1378,5338,111575
"Chris Silvestri","155936","US","New Jersey",2874,630,4,7,67,1296,92901,28612,4.48,"C 3.07",4674,1222,11242,191217
"Matt Pawelski","64400","US","Pennsylvania",496,59,8,8,86,205,19600,2682,3.04,"A 4.30",4671,1239,3140,42638
"Alex Labbe","55578","CA","Canada",286,36,6,7,86,123,12791,2600,2.74,"A 3.35",4669,1349,1715,24658
"Liam Brotherton","167354","US","Mid-South",144,32,5,8,105,66,7569,1938,2.81,"A 3.68",4667,1442,1053,15162
"Mark Dahlgren","16887","US","Great Plains",150,79,3,3,108,116,6690,3574,1.79,"A 3.74",4666,1793,1125,16245
"Chase Briscoe","58176","US","Indiana",1762,254,8,9,76,589,71392,11367,4.63,"A 2.09",4666,1360,8228,133574
"Trent Hullum","65930","US","Texas",398,30,6,6,85,121,23471,1623,2.54,"A 4.43",4665,1533,1486,33666
"Nathan Palmer2","193871","NZ","Australia/NZ",238,109,3,3,78,185,8580,4944,3.05,"D 3.50",4665,1350,0,18655
"Shawn Butler","101126","US","Northwest",902,118,6,7,95,394,37959,5540,2.46,"A 4.48",4665,1469,5720,85550
"James Allard","18095","US","New York",204,12,10,9,110,51,18659,812,2.67,"A 4.99",4664,1864,768,22489
"Jeremiah Zumwalt","206082","US","Ohio",134,15,9,8,115,63,9988,514,3.63,"A 4.05",4662,1630,580,15445
"Howard Fergerson Jr","18353","US","California Club",342,44,7,7,78,117,13761,2010,3.1,"A 2.25",4661,1340,1416,26683
"Tony Godwin","79187","US","Carolina",154,22,6,6,99,71,7748,1267,1.89,"A 4.53",4660,1616,1057,15250
"Johnny Reed Foley","46987","US","Florida",1305,180,7,9,74,438,57087,8661,4.02,"A 3.39",4659,1318,5722,97194
"Jon Adams","26970","US","Georgia",536,85,8,8,117,239,37932,5287,2.88,"A 2.29",4656,1665,3827,62527
"Shane Kline","38811","US","Carolina",376,52,5,6,85,132,20691,3902,1.86,"A 4.99",4656,1702,1473,32112
"Josh Fox","33992","US","Pennsylvania",967,264,4,6,113,529,48836,15849,1.99,"A 2.50",4655,1577,5591,109732
"Alec R Cain","109485","US","Illinois",450,83,8,7,89,186,14916,2167,2.73,"A 2.68",4654,1344,2035,39944
"Chris Smalley","22591","US","Carolina",333,67,5,5,109,149,19483,3167,2.94,"A 4.99",4654,1406,1429,36138
"JD Laird","15812","US","California Club",664,71,8,7,130,277,25353,3003,2.86,"A 2.43",4652,1367,5306,86297
"Jamie Macari","15634","US","Texas",205,30,7,7,116,100,9849,1501,2.41,"A 3.17",4651,1505,1513,23703
"Eric J Johnson","37539","US","West",515,19,11,8,91,141,21770,478,1.65,"A 4.99",4650,1417,2809,46685
"Shannon Caudill","102989","US","Michigan",339,42,7,7,92,142,16744,2616,1.82,"A 4.99",4645,1402,2254,31222
"Rett McBride","24292","US","Georgia",412,44,9,7,71,141,17482,1275,2.9,"A 4.57",4643,1400,2029,29354
"Dave Larkin","155119","CA","Canada",200,94,2,4,84,143,7634,4394,2.41,"D 4.99",4642,1350,50,16885
"Brian Yaczik","184585","US","Michigan",827,100,7,8,108,370,41977,5250,2.52,"A 3.56",4641,1260,5975,89422
"Josh Cooksey","44186","US","Indiana",261,28,6,8,102,99,18422,2053,2.69,"A 4.84",4639,1788,1824,26679
"Peter Fisher","43960","US","New England",551,88,6,6,85,215,26237,5233,2.09,"A 3.51",4638,1621,1884,46903
"Dennis Hirschka","90681","DE","DE-AT-CH",144,37,4,5,105,89,7002,1815,1.51,"A 4.77",4638,1383,1282,15186
"Chris Moss","18617","US","California Club",1033,55,6,9,94,292,68177,4089,3.13,"A 4.73",4636,1488,5615,96871
"Justin Dalsant","16958","US","Florida",203,59,7,6,116,99,15470,5095,3.18,"A 4.15",4634,1811,1815,23631
"Alex Ciambrone","56206","US","Pennsylvania",2306,542,5,6,104,1134,102975,26421,2.99,"A 1.39",4633,1578,12735,240348
"Junior Harville","193418","US","Carolina",733,124,5,6,74,307,36583,7612,2.58,"A 4.50",4628,1488,3097,53886
"Jake C Wright","167026","US","California Club",468,28,7,8,83,161,17388,1396,2.34,"A 4.99",4625,1260,2565,38783
"Ian T Smith","100643","US","Carolina",662,50,7,9,80,197,27333,2655,3.02,"A 4.53",4625,1303,3362,52897
"Jose Pinho","50079","US","Brazil",384,26,7,7,100,164,20093,1202,1.45,"A 4.99",4623,1138,2667,38221
"Jonathan Hamrick","273871","US","Texas",256,37,5,5,87,104,5711,916,2.13,"A 2.34",4621,1278,1179,22246
"Kyle Hadcock","17133","US","New York",226,27,8,8,123,82,19224,1782,3.33,"A 4.33",4620,1679,1360,27818
"Tyler Smith","47350","US","Florida",439,138,4,4,101,245,16151,6536,2.12,"C 3.57",4620,1333,914,44247
"Herbert Engelhart","45810","US","Mid-South",343,90,4,5,100,167,23922,8005,2.72,"A 3.44",4619,2403,1525,34256
"Timothy Barnes5","139943","US","Virginias",652,78,10,8,83,212,30474,3434,3.69,"A 3.53",4618,1467,2733,54159
"Devon Amos","85948","US","Canada",314,90,7,8,87,151,15031,5832,3.32,"B 2.61",4618,1378,2391,27170
"Kyle Souza","211979","US","New England",969,94,7,6,76,359,53595,4512,2.3,"A 3.63",4617,1329,5078,73937
"Luke Duke","171684","US","Mid-South",203,49,7,5,96,128,7164,1655,3.56,"D 4.31",4616,1350,314,19470
"Fabian de Jong","43357","NL","Benelux",609,71,8,9,103,230,36930,3228,2.96,"A 4.59",4615,1371,4495,62767
"Charles Wood4","101882","US","Texas",55,33,4,3,136,45,2444,1432,2.02,"A 3.90",4614,1345,503,7495
"Ray Schroder","16139","AU","Australia/NZ",981,342,2,4,105,645,70708,26463,1.42,"A 4.99",4614,1868,8413,103309
"Jake Moloney","142521","AU","Australia/NZ",286,61,7,6,77,125,9719,2033,2.66,"A 2.74",4613,1323,1316,21883
"Kevin Raleigh","117274","US","Carolina",147,46,2,5,103,100,4383,1764,1.84,"A 3.61",4612,1499,373,15100
"John Bunton","61031","US","Carolina",1327,72,8,9,95,451,102073,6734,2.14,"A 4.99",4610,1180,7406,125659
"Robert Hill","18582","US","Carolina",246,31,5,5,104,98,15055,2211,2.41,"A 4.84",4610,1443,1252,25658
"Hideyuki Honda","86927","JP","Asia",722,51,9,7,100,301,39259,1950,2.41,"A 3.73",4609,1333,4558,71939
"Mark Mullineux","50695","GB","UK and I",284,26,7,8,79,91,17055,2149,2.59,"A 4.99",4609,1728,1219,22412
"Jeremy Hughes","27057","US","Mid-South",589,156,5,5,99,293,28630,8239,1.91,"A 2.54",4608,1338,3358,58190
"Nelson Rivera","15110","US","New York",701,29,9,10,122,219,61815,2939,3.45,"A 4.19",4605,1717,3556,85428
"Daniel C Neumann","100007","DE","DE-AT-CH",1233,46,10,8,88,365,50035,1563,2.85,"A 4.69",4603,1290,6527,108046
"Brett Fausey","155457","US","Pennsylvania",1266,79,9,9,71,387,53194,3151,2.53,"A 3.74",4600,1177,5405,90009
"Mike Budzien","49244","US","Midwest",678,145,5,5,100,375,48829,10382,2.01,"B 4.61",4600,1342,4099,67996
"James Fox3","109230","US","Mid-South",1341,26,14,11,92,265,122128,1427,2.46,"A 4.99",4594,1454,4679,123428
"Kevin Kilgore","18065","US","Mid-South",167,18,6,6,117,80,13620,1421,1.99,"A 4.99",4594,2031,1098,19604
"Justin Strumpf","19385","US","New York",402,128,4,5,101,219,16849,5803,2.09,"A 3.37",4593,1516,1829,40745
"Jonathan Findley","113443","US","Virginias",487,185,5,5,93,287,16967,6463,3.71,"B 2.43",4592,1378,2704,45112
"Richard Crozier","15876","GB","UK and I",341,73,7,6,120,161,23146,3297,4.17,"A 4.55",4592,1535,1741,40954
"Leon Rüdinger","164467","DE","DE-AT-CH",387,70,5,7,78,168,13645,2267,2.77,"A 3.75",4591,1308,2281,30089
"Joshua Kotten","113433","US","Midwest",442,35,8,7,78,138,20559,1502,2.42,"A 4.57",4588,1364,1650,34422
"Joni Hagner","55103","FI","Finland",358,40,7,7,103,152,21416,2597,3.47,"A 2.26",4587,1298,2103,36839
"Nathan Hammock","41648","US","Great Plains",383,91,3,5,95,207,19486,5818,1.95,"A 3.49",4587,1423,2238,36407
"Brian Lovingood","95980","US","Carolina",825,110,6,8,84,288,48169,9574,3.19,"A 4.99",4587,1341,3963,69349
"Jake Petrella","47973","US","Atlantic",500,44,9,9,99,172,29847,2167,3.67,"A 3.58",4586,1305,3042,49733
"Manuel Sanchez","117040","ES","Iberia",952,53,10,10,81,258,66883,2374,3.71,"A 4.99",4586,1338,3152,77535
"Gary Perry","119861","CA","Canada",911,170,5,5,82,483,26546,5484,2.04,"D 4.99",4586,1372,238,75149
"Tommy Koenig","156433","US","Great Pl